This is XeTeX, Version 3.141592653-2.6-0.999995 (TeX Live 2023) (preloaded format=xelatex 2024.9.19)  20 SEP 2024 10:56
entering extended mode
 \write18 enabled.
 file:line:error style messages enabled.
 %&-line parsing enabled.
**summary
(./summary.tex
LaTeX2e <2022-11-01> patch level 1
L3 programming layer <2023-02-22> (g:/texlive/2023/texmf-dist/tex/latex/base/book.cls
Document Class: book 2022/07/02 v1.4n Standard LaTeX document class
(g:/texlive/2023/texmf-dist/tex/latex/base/bk11.clo
File: bk11.clo 2022/07/02 v1.4n Standard LaTeX file (size option)
)
\c@part=\count181
\c@chapter=\count182
\c@section=\count183
\c@subsection=\count184
\c@subsubsection=\count185
\c@paragraph=\count186
\c@subparagraph=\count187
\c@figure=\count188
\c@table=\count189
\abovecaptionskip=\skip48
\belowcaptionskip=\skip49
\bibindent=\dimen140
) (g:/texlive/2023/texmf-dist/tex/latex/ctex/ctex.sty (g:/texlive/2023/texmf-dist/tex/latex/l3kernel/expl3.sty
Package: expl3 2023-02-22 L3 programming layer (loader) 
 (g:/texlive/2023/texmf-dist/tex/latex/l3backend/l3backend-xetex.def
File: l3backend-xetex.def 2023-01-16 L3 backend support: XeTeX
\g__graphics_track_int=\count190
\l__pdf_internal_box=\box51
\g__pdf_backend_object_int=\count191
\g__pdf_backend_annotation_int=\count192
\g__pdf_backend_link_int=\count193
))
Package: ctex 2022/07/14 v2.5.10 Chinese adapter in LaTeX (CTEX)
 (g:/texlive/2023/texmf-dist/tex/latex/ctex/ctexhook.sty
Package: ctexhook 2022/07/14 v2.5.10 Document and package hooks (CTEX)
) (g:/texlive/2023/texmf-dist/tex/latex/ctex/ctexpatch.sty
Package: ctexpatch 2022/07/14 v2.5.10 Patching commands (CTEX)
) (g:/texlive/2023/texmf-dist/tex/latex/base/fix-cm.sty
Package: fix-cm 2020/11/24 v1.1t fixes to LaTeX
 (g:/texlive/2023/texmf-dist/tex/latex/base/ts1enc.def
File: ts1enc.def 2001/06/05 v3.0e (jk/car/fm) Standard LaTeX file
LaTeX Font Info:    Redeclaring font encoding TS1 on input line 47.
))
\l__ctex_tmp_int=\count194
\l__ctex_tmp_box=\box52
\l__ctex_tmp_dim=\dimen141
\g__ctex_section_depth_int=\count195
\g__ctex_font_size_int=\count196
 (g:/texlive/2023/texmf-dist/tex/latex/ctex/config/ctexopts.cfg
File: ctexopts.cfg 2022/07/14 v2.5.10 Option configuration file (CTEX)
) (g:/texlive/2023/texmf-dist/tex/latex/ctex/engine/ctex-engine-xetex.def
File: ctex-engine-xetex.def 2022/07/14 v2.5.10 XeLaTeX adapter (CTEX)
 (g:/texlive/2023/texmf-dist/tex/xelatex/xecjk/xeCJK.sty
Package: xeCJK 2022/08/05 v3.9.1 Typesetting CJK scripts with XeLaTeX
 (g:/texlive/2023/texmf-dist/tex/latex/l3packages/xtemplate/xtemplate.sty
Package: xtemplate 2023-02-02 L3 Experimental prototype document functions
\l__xtemplate_tmp_dim=\dimen142
\l__xtemplate_tmp_int=\count197
\l__xtemplate_tmp_muskip=\muskip16
\l__xtemplate_tmp_skip=\skip50
)
\l__xeCJK_tmp_int=\count198
\l__xeCJK_tmp_box=\box53
\l__xeCJK_tmp_dim=\dimen143
\l__xeCJK_tmp_skip=\skip51
\g__xeCJK_space_factor_int=\count199
\l__xeCJK_begin_int=\count266
\l__xeCJK_end_int=\count267
\c__xeCJK_CJK_class_int=\XeTeXcharclass1
\c__xeCJK_FullLeft_class_int=\XeTeXcharclass2
\c__xeCJK_FullRight_class_int=\XeTeXcharclass3
\c__xeCJK_HalfLeft_class_int=\XeTeXcharclass4
\c__xeCJK_HalfRight_class_int=\XeTeXcharclass5
\c__xeCJK_NormalSpace_class_int=\XeTeXcharclass6
\c__xeCJK_CM_class_int=\XeTeXcharclass7
\c__xeCJK_HangulJamo_class_int=\XeTeXcharclass8
\l__xeCJK_last_skip=\skip52
\c__xeCJK_none_node=\count268
\g__xeCJK_node_int=\count269
\c__xeCJK_CJK_node_dim=\dimen144
\c__xeCJK_CJK-space_node_dim=\dimen145
\c__xeCJK_default_node_dim=\dimen146
\c__xeCJK_CJK-widow_node_dim=\dimen147
\c__xeCJK_normalspace_node_dim=\dimen148
\c__xeCJK_default-space_node_skip=\skip53
\l__xeCJK_ccglue_skip=\skip54
\l__xeCJK_ecglue_skip=\skip55
\l__xeCJK_punct_kern_skip=\skip56
\l__xeCJK_indent_box=\box54
\l__xeCJK_last_penalty_int=\count270
\l__xeCJK_last_bound_dim=\dimen149
\l__xeCJK_last_kern_dim=\dimen150
\l__xeCJK_widow_penalty_int=\count271

Package xtemplate Info: Declaring object type 'xeCJK/punctuation' taking 0
(xtemplate)             argument(s) on line 2396.

\l__xeCJK_fixed_punct_width_dim=\dimen151
\l__xeCJK_mixed_punct_width_dim=\dimen152
\l__xeCJK_middle_punct_width_dim=\dimen153
\l__xeCJK_fixed_margin_width_dim=\dimen154
\l__xeCJK_mixed_margin_width_dim=\dimen155
\l__xeCJK_middle_margin_width_dim=\dimen156
\l__xeCJK_bound_punct_width_dim=\dimen157
\l__xeCJK_bound_margin_width_dim=\dimen158
\l__xeCJK_margin_minimum_dim=\dimen159
\l__xeCJK_kerning_total_width_dim=\dimen160
\l__xeCJK_same_align_margin_dim=\dimen161
\l__xeCJK_different_align_margin_dim=\dimen162
\l__xeCJK_kerning_margin_width_dim=\dimen163
\l__xeCJK_kerning_margin_minimum_dim=\dimen164
\l__xeCJK_bound_dim=\dimen165
\l__xeCJK_reverse_bound_dim=\dimen166
\l__xeCJK_margin_dim=\dimen167
\l__xeCJK_minimum_bound_dim=\dimen168
\l__xeCJK_kerning_margin_dim=\dimen169
\g__xeCJK_family_int=\count272
\l__xeCJK_fam_int=\count273
\g__xeCJK_fam_allocation_int=\count274
\l__xeCJK_verb_case_int=\count275
\l__xeCJK_verb_exspace_skip=\skip57
 (g:/texlive/2023/texmf-dist/tex/latex/fontspec/fontspec.sty (g:/texlive/2023/texmf-dist/tex/latex/l3packages/xparse/xparse.sty
Package: xparse 2023-02-02 L3 Experimental document command parser
)
Package: fontspec 2022/01/15 v2.8a Font selection for XeLaTeX and LuaLaTeX
 (g:/texlive/2023/texmf-dist/tex/latex/fontspec/fontspec-xetex.sty
Package: fontspec-xetex 2022/01/15 v2.8a Font selection for XeLaTeX and LuaLaTeX
\l__fontspec_script_int=\count276
\l__fontspec_language_int=\count277
\l__fontspec_strnum_int=\count278
\l__fontspec_tmp_int=\count279
\l__fontspec_tmpa_int=\count280
\l__fontspec_tmpb_int=\count281
\l__fontspec_tmpc_int=\count282
\l__fontspec_em_int=\count283
\l__fontspec_emdef_int=\count284
\l__fontspec_strong_int=\count285
\l__fontspec_strongdef_int=\count286
\l__fontspec_tmpa_dim=\dimen170
\l__fontspec_tmpb_dim=\dimen171
\l__fontspec_tmpc_dim=\dimen172
 (g:/texlive/2023/texmf-dist/tex/latex/base/fontenc.sty
Package: fontenc 2021/04/29 v2.0v Standard LaTeX package
) (g:/texlive/2023/texmf-dist/tex/latex/fontspec/fontspec.cfg))) (g:/texlive/2023/texmf-dist/tex/xelatex/xecjk/xeCJK.cfg
File: xeCJK.cfg 2022/08/05 v3.9.1 Configuration file for xeCJK package
))
\ccwd=\dimen173
\l__ctex_ccglue_skip=\skip58
)
\l__ctex_ziju_dim=\dimen174
 (g:/texlive/2023/texmf-dist/tex/latex/zhnumber/zhnumber.sty
Package: zhnumber 2022/07/14 v3.0 Typesetting numbers with Chinese glyphs
\l__zhnum_scale_int=\count287
\l__zhnum_tmp_int=\count288
 (g:/texlive/2023/texmf-dist/tex/latex/zhnumber/zhnumber-utf8.cfg
File: zhnumber-utf8.cfg 2022/07/14 v3.0 Chinese numerals with UTF8 encoding
)) (g:/texlive/2023/texmf-dist/tex/latex/ctex/scheme/ctex-scheme-chinese.def
File: ctex-scheme-chinese.def 2022/07/14 v2.5.10 Chinese scheme for generic (CTEX)
 (g:/texlive/2023/texmf-dist/tex/latex/ctex/config/ctex-name-utf8.cfg
File: ctex-name-utf8.cfg 2022/07/14 v2.5.10 Caption with encoding UTF-8 (CTEX)
)) (g:/texlive/2023/texmf-dist/tex/latex/tools/indentfirst.sty
Package: indentfirst 1995/11/23 v1.03 Indent first paragraph (DPC)
) (g:/texlive/2023/texmf-dist/tex/latex/ctex/fontset/ctex-fontset-windows.def
File: ctex-fontset-windows.def 2022/07/14 v2.5.10 Windows fonts definition (CTEX)

Package fontspec Info: Could not resolve font "KaiTi/B" (it probably doesn't
(fontspec)             exist).


Package fontspec Info: Could not resolve font "SimHei/I" (it probably doesn't
(fontspec)             exist).


Package fontspec Info: Could not resolve font "SimSun/BI" (it probably doesn't
(fontspec)             exist).


Package fontspec Info: Font family 'SimSun(0)' created for font 'SimSun' with
(fontspec)             options
(fontspec)             [Script={CJK},BoldFont={SimHei},ItalicFont={KaiTi}].
(fontspec)              
(fontspec)              This font family consists of the following NFSS
(fontspec)             series/shapes:
(fontspec)              
(fontspec)             - 'normal' (m/n) with NFSS spec.:
(fontspec)             <->"SimSun/OT:script=hani;language=dflt;"
(fontspec)             - 'small caps'  (m/sc) with NFSS spec.: 
(fontspec)             - 'bold' (b/n) with NFSS spec.:
(fontspec)             <->"SimHei/OT:script=hani;language=dflt;"
(fontspec)             - 'bold small caps'  (b/sc) with NFSS spec.: 
(fontspec)             - 'italic' (m/it) with NFSS spec.:
(fontspec)             <->"KaiTi/OT:script=hani;language=dflt;"
(fontspec)             - 'italic small caps'  (m/scit) with NFSS spec.: 

)) (g:/texlive/2023/texmf-dist/tex/latex/ctex/config/ctex.cfg
File: ctex.cfg 2022/07/14 v2.5.10 Configuration file (CTEX)
) (g:/texlive/2023/texmf-dist/tex/generic/ulem/ulem.sty
\UL@box=\box55
\UL@hyphenbox=\box56
\UL@skip=\skip59
\UL@hook=\toks16
\UL@height=\dimen175
\UL@pe=\count289
\UL@pixel=\dimen176
\ULC@box=\box57
Package: ulem 2019/11/18
\ULdepth=\dimen177
) (g:/texlive/2023/texmf-dist/tex/latex/amsmath/amsmath.sty
Package: amsmath 2022/04/08 v2.17n AMS math features
\@mathmargin=\skip60

For additional information on amsmath, use the `?' option.
(g:/texlive/2023/texmf-dist/tex/latex/amsmath/amstext.sty
Package: amstext 2021/08/26 v2.01 AMS text
 (g:/texlive/2023/texmf-dist/tex/latex/amsmath/amsgen.sty
File: amsgen.sty 1999/11/30 v2.0 generic functions
\@emptytoks=\toks17
\ex@=\dimen178
)) (g:/texlive/2023/texmf-dist/tex/latex/amsmath/amsbsy.sty
Package: amsbsy 1999/11/29 v1.2d Bold Symbols
\pmbraise@=\dimen179
) (g:/texlive/2023/texmf-dist/tex/latex/amsmath/amsopn.sty
Package: amsopn 2022/04/08 v2.04 operator names
)
\inf@bad=\count290
LaTeX Info: Redefining \frac on input line 234.
\uproot@=\count291
\leftroot@=\count292
LaTeX Info: Redefining \overline on input line 399.
LaTeX Info: Redefining \colon on input line 410.
\classnum@=\count293
\DOTSCASE@=\count294
LaTeX Info: Redefining \ldots on input line 496.
LaTeX Info: Redefining \dots on input line 499.
LaTeX Info: Redefining \cdots on input line 620.
\Mathstrutbox@=\box58
\strutbox@=\box59
LaTeX Info: Redefining \big on input line 722.
LaTeX Info: Redefining \Big on input line 723.
LaTeX Info: Redefining \bigg on input line 724.
LaTeX Info: Redefining \Bigg on input line 725.
\big@size=\dimen180
LaTeX Font Info:    Redeclaring font encoding OML on input line 743.
LaTeX Font Info:    Redeclaring font encoding OMS on input line 744.
\macc@depth=\count295
LaTeX Info: Redefining \bmod on input line 905.
LaTeX Info: Redefining \pmod on input line 910.
LaTeX Info: Redefining \smash on input line 940.
LaTeX Info: Redefining \relbar on input line 970.
LaTeX Info: Redefining \Relbar on input line 971.
\c@MaxMatrixCols=\count296
\dotsspace@=\muskip17
\c@parentequation=\count297
\dspbrk@lvl=\count298
\tag@help=\toks18
\row@=\count299
\column@=\count300
\maxfields@=\count301
\andhelp@=\toks19
\eqnshift@=\dimen181
\alignsep@=\dimen182
\tagshift@=\dimen183
\tagwidth@=\dimen184
\totwidth@=\dimen185
\lineht@=\dimen186
\@envbody=\toks20
\multlinegap=\skip61
\multlinetaggap=\skip62
\mathdisplay@stack=\toks21
LaTeX Info: Redefining \[ on input line 2953.
LaTeX Info: Redefining \] on input line 2954.
) (g:/texlive/2023/texmf-dist/tex/latex/amsfonts/amsfonts.sty
Package: amsfonts 2013/01/14 v3.01 Basic AMSFonts support
\symAMSa=\mathgroup4
\symAMSb=\mathgroup5
LaTeX Font Info:    Redeclaring math symbol \hbar on input line 98.
LaTeX Font Info:    Overwriting math alphabet `\mathfrak' in version `bold'
(Font)                  U/euf/m/n --> U/euf/b/n on input line 106.
) (g:/texlive/2023/texmf-dist/tex/latex/amsfonts/amssymb.sty
Package: amssymb 2013/01/14 v3.01 AMS font symbols
) (g:/texlive/2023/texmf-dist/tex/latex/amscls/amsthm.sty
Package: amsthm 2020/05/29 v2.20.6
\thm@style=\toks22
\thm@bodyfont=\toks23
\thm@headfont=\toks24
\thm@notefont=\toks25
\thm@headpunct=\toks26
\thm@preskip=\skip63
\thm@postskip=\skip64
\thm@headsep=\skip65
\dth@everypar=\toks27
) (g:/texlive/2023/texmf-dist/tex/latex/tools/bm.sty
Package: bm 2022/01/05 v1.2f Bold Symbol Support (DPC/FMi)
\symboldoperators=\mathgroup6
\symboldletters=\mathgroup7
\symboldsymbols=\mathgroup8
Package bm Info: No bold for \OMX/cmex/m/n, using \pmb.
Package bm Info: No bold for \U/msa/m/n, using \pmb.
Package bm Info: No bold for \U/msb/m/n, using \pmb.
LaTeX Font Info:    Redeclaring math alphabet \mathbf on input line 149.
) (g:/texlive/2023/texmf-dist/tex/latex/xcolor/xcolor.sty
Package: xcolor 2022/06/12 v2.14 LaTeX color extensions (UK)
 (g:/texlive/2023/texmf-dist/tex/latex/graphics-cfg/color.cfg
File: color.cfg 2016/01/02 v1.6 sample color configuration
)
Package xcolor Info: Driver file: xetex.def on input line 227.
 (g:/texlive/2023/texmf-dist/tex/latex/graphics-def/xetex.def
File: xetex.def 2022/09/22 v5.0n Graphics/color driver for xetex
) (g:/texlive/2023/texmf-dist/tex/latex/graphics/mathcolor.ltx)
Package xcolor Info: Model `cmy' substituted by `cmy0' on input line 1353.
Package xcolor Info: Model `RGB' extended on input line 1369.
Package xcolor Info: Model `HTML' substituted by `rgb' on input line 1371.
Package xcolor Info: Model `Hsb' substituted by `hsb' on input line 1372.
Package xcolor Info: Model `tHsb' substituted by `hsb' on input line 1373.
Package xcolor Info: Model `HSB' substituted by `hsb' on input line 1374.
Package xcolor Info: Model `Gray' substituted by `gray' on input line 1375.
Package xcolor Info: Model `wave' substituted by `hsb' on input line 1376.
 (g:/texlive/2023/texmf-dist/tex/latex/graphics/dvipsnam.def
File: dvipsnam.def 2016/06/17 v3.0m Driver-dependent file (DPC,SPQR)
) (g:/texlive/2023/texmf-dist/tex/latex/xcolor/x11nam.def
File: x11nam.def 2022/06/12 v2.14 Predefined colors according to Unix/X11 (UK)
)) (g:/texlive/2023/texmf-dist/tex/latex/graphics/graphicx.sty
Package: graphicx 2021/09/16 v1.2d Enhanced LaTeX Graphics (DPC,SPQR)
 (g:/texlive/2023/texmf-dist/tex/latex/graphics/keyval.sty
Package: keyval 2022/05/29 v1.15 key=value parser (DPC)
\KV@toks@=\toks28
) (g:/texlive/2023/texmf-dist/tex/latex/graphics/graphics.sty
Package: graphics 2022/03/10 v1.4e Standard LaTeX Graphics (DPC,SPQR)
 (g:/texlive/2023/texmf-dist/tex/latex/graphics/trig.sty
Package: trig 2021/08/11 v1.11 sin cos tan (DPC)
) (g:/texlive/2023/texmf-dist/tex/latex/graphics-cfg/graphics.cfg
File: graphics.cfg 2016/06/04 v1.11 sample graphics configuration
)
Package graphics Info: Driver file: xetex.def on input line 107.
)
\Gin@req@height=\dimen187
\Gin@req@width=\dimen188
) (g:/texlive/2023/texmf-dist/tex/latex/booktabs/booktabs.sty
Package: booktabs 2020/01/12 v1.61803398 Publication quality tables
\heavyrulewidth=\dimen189
\lightrulewidth=\dimen190
\cmidrulewidth=\dimen191
\belowrulesep=\dimen192
\belowbottomsep=\dimen193
\aboverulesep=\dimen194
\abovetopsep=\dimen195
\cmidrulesep=\dimen196
\cmidrulekern=\dimen197
\defaultaddspace=\dimen198
\@cmidla=\count302
\@cmidlb=\count303
\@aboverulesep=\dimen199
\@belowrulesep=\dimen256
\@thisruleclass=\count304
\@lastruleclass=\count305
\@thisrulewidth=\dimen257
) (g:/texlive/2023/texmf-dist/tex/latex/pgf/frontendlayer/tikz.sty (g:/texlive/2023/texmf-dist/tex/latex/pgf/basiclayer/pgf.sty (g:/texlive/2023/texmf-dist/tex/latex/pgf/utilities/pgfrcs.sty (g:/texlive/2023/texmf-dist/tex/generic/pgf/utilities/pgfutil-common.tex
\pgfutil@everybye=\toks29
\pgfutil@tempdima=\dimen258
\pgfutil@tempdimb=\dimen259
) (g:/texlive/2023/texmf-dist/tex/generic/pgf/utilities/pgfutil-latex.def
\pgfutil@abb=\box60
) (g:/texlive/2023/texmf-dist/tex/generic/pgf/utilities/pgfrcs.code.tex (g:/texlive/2023/texmf-dist/tex/generic/pgf/pgf.revision.tex)
Package: pgfrcs 2023-01-15 v3.1.10 (3.1.10)
))
Package: pgf 2023-01-15 v3.1.10 (3.1.10)
 (g:/texlive/2023/texmf-dist/tex/latex/pgf/basiclayer/pgfcore.sty (g:/texlive/2023/texmf-dist/tex/latex/pgf/systemlayer/pgfsys.sty (g:/texlive/2023/texmf-dist/tex/generic/pgf/systemlayer/pgfsys.code.tex
Package: pgfsys 2023-01-15 v3.1.10 (3.1.10)
 (g:/texlive/2023/texmf-dist/tex/generic/pgf/utilities/pgfkeys.code.tex
\pgfkeys@pathtoks=\toks30
\pgfkeys@temptoks=\toks31
 (g:/texlive/2023/texmf-dist/tex/generic/pgf/utilities/pgfkeyslibraryfiltered.code.tex
\pgfkeys@tmptoks=\toks32
))
\pgf@x=\dimen260
\pgf@y=\dimen261
\pgf@xa=\dimen262
\pgf@ya=\dimen263
\pgf@xb=\dimen264
\pgf@yb=\dimen265
\pgf@xc=\dimen266
\pgf@yc=\dimen267
\pgf@xd=\dimen268
\pgf@yd=\dimen269
\w@pgf@writea=\write3
\r@pgf@reada=\read2
\c@pgf@counta=\count306
\c@pgf@countb=\count307
\c@pgf@countc=\count308
\c@pgf@countd=\count309
\t@pgf@toka=\toks33
\t@pgf@tokb=\toks34
\t@pgf@tokc=\toks35
\pgf@sys@id@count=\count310
 (g:/texlive/2023/texmf-dist/tex/generic/pgf/systemlayer/pgf.cfg
File: pgf.cfg 2023-01-15 v3.1.10 (3.1.10)
)
Driver file for pgf: pgfsys-xetex.def
 (g:/texlive/2023/texmf-dist/tex/generic/pgf/systemlayer/pgfsys-xetex.def
File: pgfsys-xetex.def 2023-01-15 v3.1.10 (3.1.10)
 (g:/texlive/2023/texmf-dist/tex/generic/pgf/systemlayer/pgfsys-dvipdfmx.def
File: pgfsys-dvipdfmx.def 2023-01-15 v3.1.10 (3.1.10)
 (g:/texlive/2023/texmf-dist/tex/generic/pgf/systemlayer/pgfsys-common-pdf.def
File: pgfsys-common-pdf.def 2023-01-15 v3.1.10 (3.1.10)
)
\pgfsys@objnum=\count311
))) (g:/texlive/2023/texmf-dist/tex/generic/pgf/systemlayer/pgfsyssoftpath.code.tex
File: pgfsyssoftpath.code.tex 2023-01-15 v3.1.10 (3.1.10)
\pgfsyssoftpath@smallbuffer@items=\count312
\pgfsyssoftpath@bigbuffer@items=\count313
) (g:/texlive/2023/texmf-dist/tex/generic/pgf/systemlayer/pgfsysprotocol.code.tex
File: pgfsysprotocol.code.tex 2023-01-15 v3.1.10 (3.1.10)
)) (g:/texlive/2023/texmf-dist/tex/generic/pgf/basiclayer/pgfcore.code.tex
Package: pgfcore 2023-01-15 v3.1.10 (3.1.10)
 (g:/texlive/2023/texmf-dist/tex/generic/pgf/math/pgfmath.code.tex (g:/texlive/2023/texmf-dist/tex/generic/pgf/math/pgfmathutil.code.tex) (g:/texlive/2023/texmf-dist/tex/generic/pgf/math/pgfmathparser.code.tex
\pgfmath@dimen=\dimen270
\pgfmath@count=\count314
\pgfmath@box=\box61
\pgfmath@toks=\toks36
\pgfmath@stack@operand=\toks37
\pgfmath@stack@operation=\toks38
) (g:/texlive/2023/texmf-dist/tex/generic/pgf/math/pgfmathfunctions.code.tex) (g:/texlive/2023/texmf-dist/tex/generic/pgf/math/pgfmathfunctions.basic.code.tex) (g:/texlive/2023/texmf-dist/tex/generic/pgf/math/pgfmathfunctions.trigonometric.code.tex) (g:/texlive/2023/texmf-dist/tex/generic/pgf/math/pgfmathfunctions.random.code.tex) (g:/texlive/2023/texmf-dist/tex/generic/pgf/math/pgfmathfunctions.comparison.code.tex) (g:/texlive/2023/texmf-dist/tex/generic/pgf/math/pgfmathfunctions.base.code.tex) (g:/texlive/2023/texmf-dist/tex/generic/pgf/math/pgfmathfunctions.round.code.tex) (g:/texlive/2023/texmf-dist/tex/generic/pgf/math/pgfmathfunctions.misc.code.tex) (g:/texlive/2023/texmf-dist/tex/generic/pgf/math/pgfmathfunctions.integerarithmetics.code.tex) (g:/texlive/2023/texmf-dist/tex/generic/pgf/math/pgfmathcalc.code.tex) (g:/texlive/2023/texmf-dist/tex/generic/pgf/math/pgfmathfloat.code.tex
\c@pgfmathroundto@lastzeros=\count315
)) (g:/texlive/2023/texmf-dist/tex/generic/pgf/math/pgfint.code.tex) (g:/texlive/2023/texmf-dist/tex/generic/pgf/basiclayer/pgfcorepoints.code.tex
File: pgfcorepoints.code.tex 2023-01-15 v3.1.10 (3.1.10)
\pgf@picminx=\dimen271
\pgf@picmaxx=\dimen272
\pgf@picminy=\dimen273
\pgf@picmaxy=\dimen274
\pgf@pathminx=\dimen275
\pgf@pathmaxx=\dimen276
\pgf@pathminy=\dimen277
\pgf@pathmaxy=\dimen278
\pgf@xx=\dimen279
\pgf@xy=\dimen280
\pgf@yx=\dimen281
\pgf@yy=\dimen282
\pgf@zx=\dimen283
\pgf@zy=\dimen284
) (g:/texlive/2023/texmf-dist/tex/generic/pgf/basiclayer/pgfcorepathconstruct.code.tex
File: pgfcorepathconstruct.code.tex 2023-01-15 v3.1.10 (3.1.10)
\pgf@path@lastx=\dimen285
\pgf@path@lasty=\dimen286
) (g:/texlive/2023/texmf-dist/tex/generic/pgf/basiclayer/pgfcorepathusage.code.tex
File: pgfcorepathusage.code.tex 2023-01-15 v3.1.10 (3.1.10)
\pgf@shorten@end@additional=\dimen287
\pgf@shorten@start@additional=\dimen288
) (g:/texlive/2023/texmf-dist/tex/generic/pgf/basiclayer/pgfcorescopes.code.tex
File: pgfcorescopes.code.tex 2023-01-15 v3.1.10 (3.1.10)
\pgfpic=\box62
\pgf@hbox=\box63
\pgf@layerbox@main=\box64
\pgf@picture@serial@count=\count316
) (g:/texlive/2023/texmf-dist/tex/generic/pgf/basiclayer/pgfcoregraphicstate.code.tex
File: pgfcoregraphicstate.code.tex 2023-01-15 v3.1.10 (3.1.10)
\pgflinewidth=\dimen289
) (g:/texlive/2023/texmf-dist/tex/generic/pgf/basiclayer/pgfcoretransformations.code.tex
File: pgfcoretransformations.code.tex 2023-01-15 v3.1.10 (3.1.10)
\pgf@pt@x=\dimen290
\pgf@pt@y=\dimen291
\pgf@pt@temp=\dimen292
) (g:/texlive/2023/texmf-dist/tex/generic/pgf/basiclayer/pgfcorequick.code.tex
File: pgfcorequick.code.tex 2023-01-15 v3.1.10 (3.1.10)
) (g:/texlive/2023/texmf-dist/tex/generic/pgf/basiclayer/pgfcoreobjects.code.tex
File: pgfcoreobjects.code.tex 2023-01-15 v3.1.10 (3.1.10)
) (g:/texlive/2023/texmf-dist/tex/generic/pgf/basiclayer/pgfcorepathprocessing.code.tex
File: pgfcorepathprocessing.code.tex 2023-01-15 v3.1.10 (3.1.10)
) (g:/texlive/2023/texmf-dist/tex/generic/pgf/basiclayer/pgfcorearrows.code.tex
File: pgfcorearrows.code.tex 2023-01-15 v3.1.10 (3.1.10)
\pgfarrowsep=\dimen293
) (g:/texlive/2023/texmf-dist/tex/generic/pgf/basiclayer/pgfcoreshade.code.tex
File: pgfcoreshade.code.tex 2023-01-15 v3.1.10 (3.1.10)
\pgf@max=\dimen294
\pgf@sys@shading@range@num=\count317
\pgf@shadingcount=\count318
) (g:/texlive/2023/texmf-dist/tex/generic/pgf/basiclayer/pgfcoreimage.code.tex
File: pgfcoreimage.code.tex 2023-01-15 v3.1.10 (3.1.10)
) (g:/texlive/2023/texmf-dist/tex/generic/pgf/basiclayer/pgfcoreexternal.code.tex
File: pgfcoreexternal.code.tex 2023-01-15 v3.1.10 (3.1.10)
\pgfexternal@startupbox=\box65
) (g:/texlive/2023/texmf-dist/tex/generic/pgf/basiclayer/pgfcorelayers.code.tex
File: pgfcorelayers.code.tex 2023-01-15 v3.1.10 (3.1.10)
) (g:/texlive/2023/texmf-dist/tex/generic/pgf/basiclayer/pgfcoretransparency.code.tex
File: pgfcoretransparency.code.tex 2023-01-15 v3.1.10 (3.1.10)
) (g:/texlive/2023/texmf-dist/tex/generic/pgf/basiclayer/pgfcorepatterns.code.tex
File: pgfcorepatterns.code.tex 2023-01-15 v3.1.10 (3.1.10)
) (g:/texlive/2023/texmf-dist/tex/generic/pgf/basiclayer/pgfcorerdf.code.tex
File: pgfcorerdf.code.tex 2023-01-15 v3.1.10 (3.1.10)
))) (g:/texlive/2023/texmf-dist/tex/generic/pgf/modules/pgfmoduleshapes.code.tex
File: pgfmoduleshapes.code.tex 2023-01-15 v3.1.10 (3.1.10)
\pgfnodeparttextbox=\box66
) (g:/texlive/2023/texmf-dist/tex/generic/pgf/modules/pgfmoduleplot.code.tex
File: pgfmoduleplot.code.tex 2023-01-15 v3.1.10 (3.1.10)
) (g:/texlive/2023/texmf-dist/tex/latex/pgf/compatibility/pgfcomp-version-0-65.sty
Package: pgfcomp-version-0-65 2023-01-15 v3.1.10 (3.1.10)
\pgf@nodesepstart=\dimen295
\pgf@nodesepend=\dimen296
) (g:/texlive/2023/texmf-dist/tex/latex/pgf/compatibility/pgfcomp-version-1-18.sty
Package: pgfcomp-version-1-18 2023-01-15 v3.1.10 (3.1.10)
)) (g:/texlive/2023/texmf-dist/tex/latex/pgf/utilities/pgffor.sty (g:/texlive/2023/texmf-dist/tex/latex/pgf/utilities/pgfkeys.sty (g:/texlive/2023/texmf-dist/tex/generic/pgf/utilities/pgfkeys.code.tex)) (g:/texlive/2023/texmf-dist/tex/latex/pgf/math/pgfmath.sty (g:/texlive/2023/texmf-dist/tex/generic/pgf/math/pgfmath.code.tex)) (g:/texlive/2023/texmf-dist/tex/generic/pgf/utilities/pgffor.code.tex
Package: pgffor 2023-01-15 v3.1.10 (3.1.10)
\pgffor@iter=\dimen297
\pgffor@skip=\dimen298
\pgffor@stack=\toks39
\pgffor@toks=\toks40
)) (g:/texlive/2023/texmf-dist/tex/generic/pgf/frontendlayer/tikz/tikz.code.tex
Package: tikz 2023-01-15 v3.1.10 (3.1.10)
 (g:/texlive/2023/texmf-dist/tex/generic/pgf/libraries/pgflibraryplothandlers.code.tex
File: pgflibraryplothandlers.code.tex 2023-01-15 v3.1.10 (3.1.10)
\pgf@plot@mark@count=\count319
\pgfplotmarksize=\dimen299
)
\tikz@lastx=\dimen300
\tikz@lasty=\dimen301
\tikz@lastxsaved=\dimen302
\tikz@lastysaved=\dimen303
\tikz@lastmovetox=\dimen304
\tikz@lastmovetoy=\dimen305
\tikzleveldistance=\dimen306
\tikzsiblingdistance=\dimen307
\tikz@figbox=\box67
\tikz@figbox@bg=\box68
\tikz@tempbox=\box69
\tikz@tempbox@bg=\box70
\tikztreelevel=\count320
\tikznumberofchildren=\count321
\tikznumberofcurrentchild=\count322
\tikz@fig@count=\count323
 (g:/texlive/2023/texmf-dist/tex/generic/pgf/modules/pgfmodulematrix.code.tex
File: pgfmodulematrix.code.tex 2023-01-15 v3.1.10 (3.1.10)
\pgfmatrixcurrentrow=\count324
\pgfmatrixcurrentcolumn=\count325
\pgf@matrix@numberofcolumns=\count326
)
\tikz@expandcount=\count327
 (g:/texlive/2023/texmf-dist/tex/generic/pgf/frontendlayer/tikz/libraries/tikzlibrarytopaths.code.tex
File: tikzlibrarytopaths.code.tex 2023-01-15 v3.1.10 (3.1.10)
))) (g:/texlive/2023/texmf-dist/tex/generic/pgf/frontendlayer/tikz/libraries/tikzlibraryshapes.code.tex
File: tikzlibraryshapes.code.tex 2023-01-15 v3.1.10 (3.1.10)
 (g:/texlive/2023/texmf-dist/tex/generic/pgf/frontendlayer/tikz/libraries/tikzlibraryshapes.geometric.code.tex
File: tikzlibraryshapes.geometric.code.tex 2023-01-15 v3.1.10 (3.1.10)
 (g:/texlive/2023/texmf-dist/tex/generic/pgf/libraries/shapes/pgflibraryshapes.geometric.code.tex
File: pgflibraryshapes.geometric.code.tex 2023-01-15 v3.1.10 (3.1.10)
)) (g:/texlive/2023/texmf-dist/tex/generic/pgf/frontendlayer/tikz/libraries/tikzlibraryshapes.misc.code.tex
File: tikzlibraryshapes.misc.code.tex 2023-01-15 v3.1.10 (3.1.10)
 (g:/texlive/2023/texmf-dist/tex/generic/pgf/libraries/shapes/pgflibraryshapes.misc.code.tex
File: pgflibraryshapes.misc.code.tex 2023-01-15 v3.1.10 (3.1.10)
)) (g:/texlive/2023/texmf-dist/tex/generic/pgf/frontendlayer/tikz/libraries/tikzlibraryshapes.symbols.code.tex
File: tikzlibraryshapes.symbols.code.tex 2023-01-15 v3.1.10 (3.1.10)
 (g:/texlive/2023/texmf-dist/tex/generic/pgf/libraries/shapes/pgflibraryshapes.symbols.code.tex
File: pgflibraryshapes.symbols.code.tex 2023-01-15 v3.1.10 (3.1.10)
)) (g:/texlive/2023/texmf-dist/tex/generic/pgf/frontendlayer/tikz/libraries/tikzlibraryshapes.arrows.code.tex
File: tikzlibraryshapes.arrows.code.tex 2023-01-15 v3.1.10 (3.1.10)
 (g:/texlive/2023/texmf-dist/tex/generic/pgf/libraries/shapes/pgflibraryshapes.arrows.code.tex
File: pgflibraryshapes.arrows.code.tex 2023-01-15 v3.1.10 (3.1.10)
)) (g:/texlive/2023/texmf-dist/tex/generic/pgf/frontendlayer/tikz/libraries/tikzlibraryshapes.callouts.code.tex (g:/texlive/2023/texmf-dist/tex/generic/pgf/libraries/shapes/pgflibraryshapes.callouts.code.tex)) (g:/texlive/2023/texmf-dist/tex/generic/pgf/frontendlayer/tikz/libraries/tikzlibraryshapes.multipart.code.tex
File: tikzlibraryshapes.multipart.code.tex 2023-01-15 v3.1.10 (3.1.10)
 (g:/texlive/2023/texmf-dist/tex/generic/pgf/libraries/shapes/pgflibraryshapes.multipart.code.tex
File: pgflibraryshapes.multipart.code.tex 2023-01-15 v3.1.10 (3.1.10)
\pgfnodepartlowerbox=\box71
\pgfnodeparttwobox=\box72
\pgfnodepartthreebox=\box73
\pgfnodepartfourbox=\box74
\pgfnodeparttwentybox=\box75
\pgfnodepartnineteenbox=\box76
\pgfnodeparteighteenbox=\box77
\pgfnodepartseventeenbox=\box78
\pgfnodepartsixteenbox=\box79
\pgfnodepartfifteenbox=\box80
\pgfnodepartfourteenbox=\box81
\pgfnodepartthirteenbox=\box82
\pgfnodeparttwelvebox=\box83
\pgfnodepartelevenbox=\box84
\pgfnodeparttenbox=\box85
\pgfnodepartninebox=\box86
\pgfnodeparteightbox=\box87
\pgfnodepartsevenbox=\box88
\pgfnodepartsixbox=\box89
\pgfnodepartfivebox=\box90
))) (g:/texlive/2023/texmf-dist/tex/generic/pgf/frontendlayer/tikz/libraries/tikzlibraryarrows.code.tex
File: tikzlibraryarrows.code.tex 2023-01-15 v3.1.10 (3.1.10)
 (g:/texlive/2023/texmf-dist/tex/generic/pgf/libraries/pgflibraryarrows.code.tex
File: pgflibraryarrows.code.tex 2023-01-15 v3.1.10 (3.1.10)
\arrowsize=\dimen308
)) (g:/texlive/2023/texmf-dist/tex/generic/pgf/frontendlayer/tikz/libraries/tikzlibrarychains.code.tex
File: tikzlibrarychains.code.tex 2023-01-15 v3.1.10 (3.1.10)
 (g:/texlive/2023/texmf-dist/tex/generic/pgf/frontendlayer/tikz/libraries/tikzlibrarypositioning.code.tex
File: tikzlibrarypositioning.code.tex 2023-01-15 v3.1.10 (3.1.10)
)) (g:/texlive/2023/texmf-dist/tex/latex/appendix/appendix.sty
Package: appendix 2020/02/08 v1.2c extra appendix facilities
\c@@pps=\count328
\c@@ppsavesec=\count329
\c@@ppsaveapp=\count330
) (g:/texlive/2023/texmf-dist/tex/latex/tools/array.sty
Package: array 2022/09/04 v2.5g Tabular extension package (FMi)
\col@sep=\dimen309
\ar@mcellbox=\box91
\extrarowheight=\dimen310
\NC@list=\toks41
\extratabsurround=\skip66
\backup@length=\skip67
\ar@cellbox=\box92
) (g:/texlive/2023/texmf-dist/tex/latex/tools/tabularx.sty
Package: tabularx 2020/01/15 v2.11c `tabularx' package (DPC)
\TX@col@width=\dimen311
\TX@old@table=\dimen312
\TX@old@col=\dimen313
\TX@target=\dimen314
\TX@delta=\dimen315
\TX@cols=\count331
\TX@ftn=\toks42
) (g:/texlive/2023/texmf-dist/tex/latex/makecell/makecell.sty
Package: makecell 2009/08/03 V0.1e Managing of Tab Column Heads and Cells
\rotheadsize=\dimen316
\c@nlinenum=\count332
\TeXr@lab=\toks43
) (g:/texlive/2023/texmf-dist/tex/latex/siunitx/siunitx.sty
Package: siunitx 2023-03-04 v3.2.2 A comprehensive (SI) units package
\l__siunitx_angle_tmp_dim=\dimen317
\l__siunitx_angle_marker_box=\box93
\l__siunitx_angle_unit_box=\box94
\l__siunitx_compound_count_int=\count333
 (g:/texlive/2023/texmf-dist/tex/latex/translations/translations.sty
Package: translations 2022/02/05 v1.12 internationalization of LaTeX2e packages (CN)
 (g:/texlive/2023/texmf-dist/tex/latex/etoolbox/etoolbox.sty
Package: etoolbox 2020/10/05 v2.5k e-TeX tools for LaTeX (JAW)
\etb@tempcnta=\count334
) (g:/texlive/2023/texmf-dist/tex/generic/pdftexcmds/pdftexcmds.sty
Package: pdftexcmds 2020-06-27 v0.33 Utility functions of pdfTeX for LuaTeX (HO)
 (g:/texlive/2023/texmf-dist/tex/generic/infwarerr/infwarerr.sty
Package: infwarerr 2019/12/03 v1.5 Providing info/warning/error messages (HO)
) (g:/texlive/2023/texmf-dist/tex/generic/iftex/iftex.sty
Package: iftex 2022/02/03 v1.0f TeX engine tests
) (g:/texlive/2023/texmf-dist/tex/generic/ltxcmds/ltxcmds.sty
Package: ltxcmds 2020-05-10 v1.25 LaTeX kernel commands for general use (HO)
)
Package pdftexcmds Info: \pdf@primitive is available.
Package pdftexcmds Info: \pdf@ifprimitive is available.
Package pdftexcmds Info: \pdfdraftmode not found.
))
\l__siunitx_number_exponent_fixed_int=\count335
\l__siunitx_number_min_decimal_int=\count336
\l__siunitx_number_min_integer_int=\count337
\l__siunitx_number_round_precision_int=\count338
\l__siunitx_number_lower_threshold_int=\count339
\l__siunitx_number_upper_threshold_int=\count340
\l__siunitx_number_group_first_int=\count341
\l__siunitx_number_group_size_int=\count342
\l__siunitx_number_group_minimum_int=\count343
\l__siunitx_table_tmp_box=\box95
\l__siunitx_table_tmp_dim=\dimen318
\l__siunitx_table_column_width_dim=\dimen319
\l__siunitx_table_integer_box=\box96
\l__siunitx_table_decimal_box=\box97
\l__siunitx_table_uncert_box=\box98
\l__siunitx_table_before_box=\box99
\l__siunitx_table_after_box=\box100
\l__siunitx_table_before_dim=\dimen320
\l__siunitx_table_carry_dim=\dimen321
\l__siunitx_unit_tmp_int=\count344
\l__siunitx_unit_position_int=\count345
\l__siunitx_unit_total_int=\count346
) (g:/texlive/2023/texmf-dist/tex/latex/jknapltx/mathrsfs.sty
Package: mathrsfs 1996/01/01 Math RSFS package v1.0 (jk)
\symrsfs=\mathgroup9
) (g:/texlive/2023/texmf-dist/tex/latex/enumitem/enumitem.sty
Package: enumitem 2019/06/20 v3.9 Customized lists
\labelindent=\skip68
\enit@outerparindent=\dimen322
\enit@toks=\toks44
\enit@inbox=\box101
\enit@count@id=\count347
\enitdp@description=\count348
) (g:/texlive/2023/texmf-dist/tex/latex/multirow/multirow.sty
Package: multirow 2021/03/15 v2.8 Span multiple rows of a table
\multirow@colwidth=\skip69
\multirow@cntb=\count349
\multirow@dima=\skip70
\bigstrutjot=\dimen323
) (g:/texlive/2023/texmf-dist/tex/latex/hyperref/nameref.sty
Package: nameref 2022-05-17 v2.50 Cross-referencing by name of section
 (g:/texlive/2023/texmf-dist/tex/latex/refcount/refcount.sty
Package: refcount 2019/12/15 v3.6 Data extraction from label references (HO)
) (g:/texlive/2023/texmf-dist/tex/generic/gettitlestring/gettitlestring.sty
Package: gettitlestring 2019/12/15 v1.6 Cleanup title references (HO)
 (g:/texlive/2023/texmf-dist/tex/latex/kvoptions/kvoptions.sty
Package: kvoptions 2022-06-15 v3.15 Key value format for package options (HO)
 (g:/texlive/2023/texmf-dist/tex/latex/kvsetkeys/kvsetkeys.sty
Package: kvsetkeys 2022-10-05 v1.19 Key value parser (HO)
)))
\c@section@level=\count350
) (g:/texlive/2023/texmf-dist/tex/latex/float/float.sty
Package: float 2001/11/08 v1.3d Float enhancements (AL)
\c@float@type=\count351
\float@exts=\toks45
\float@box=\box102
\@float@everytoks=\toks46
\@floatcapt=\box103
) (g:/texlive/2023/texmf-dist/tex/latex/pict2e/pict2e.sty
Package: pict2e 2020/09/30 v0.4b Improved picture commands (HjG,RN,JT)
 (g:/texlive/2023/texmf-dist/tex/latex/pict2e/pict2e.cfg
File: pict2e.cfg 2016/02/05 v0.1u pict2e configuration for teTeX/TeXLive
)
Package pict2e Info: Driver file: xetex.def on input line 112.
Package pict2e Info: Driver file for pict2e: p2e-xetex.def on input line 114.
 (g:/texlive/2023/texmf-dist/tex/latex/pict2e/p2e-xetex.def
File: p2e-xetex.def 2016/02/05 v0.1u Driver-dependant file (RN,HjG,JT)
)
\pIIe@GRAPH=\toks47
\@arclen=\dimen324
\@arcrad=\dimen325
\pIIe@tempdima=\dimen326
\pIIe@tempdimb=\dimen327
\pIIe@tempdimc=\dimen328
\pIIe@tempdimd=\dimen329
\pIIe@tempdime=\dimen330
\pIIe@tempdimf=\dimen331
) (g:/texlive/2023/texmf-dist/tex/latex/fp/fp.sty
Package: fp 1995/04/02
 `Fixed Point Package', Version 0.8, April 2, 1995 (C) Michael Mehlich (g:/texlive/2023/texmf-dist/tex/latex/fp/defpattern.sty
Package: defpattern 1994/10/12
\actioncount=\count352
) (g:/texlive/2023/texmf-dist/tex/latex/fp/fp-basic.sty
Package: fp-basic 1996/05/13
\FP@xs=\count353
\FP@xia=\count354
\FP@xib=\count355
\FP@xfa=\count356
\FP@xfb=\count357
\FP@rega=\count358
\FP@regb=\count359
\FP@regs=\count360
\FP@times=\count361
) (g:/texlive/2023/texmf-dist/tex/latex/fp/fp-addons.sty
Package: fp-addons 1995/03/15
) (g:/texlive/2023/texmf-dist/tex/latex/fp/fp-snap.sty
Package: fp-snap 1995/04/05
) (g:/texlive/2023/texmf-dist/tex/latex/fp/fp-exp.sty
Package: fp-exp 1995/04/03
) (g:/texlive/2023/texmf-dist/tex/latex/fp/fp-trigo.sty
Package: fp-trigo 1995/04/14
) (g:/texlive/2023/texmf-dist/tex/latex/fp/fp-pas.sty
Package: fp-pas 1994/08/29
) (g:/texlive/2023/texmf-dist/tex/latex/fp/fp-random.sty
Package: fp-random 1995/02/23
\FPseed=\count362
) (g:/texlive/2023/texmf-dist/tex/latex/fp/fp-eqn.sty
Package: fp-eqn 1995/04/03
) (g:/texlive/2023/texmf-dist/tex/latex/fp/fp-upn.sty
Package: fp-upn 1996/10/21
)
(g:/texlive/2023/texmf-dist/tex/latex/fp/fp-eval.sty
Package: fp-eval 1995/04/03
)) (g:/texlive/2023/texmf-dist/tex/latex/diagbox/diagbox.sty
Package: diagbox 2020/02/09 v2.3 Making table heads with diagonal lines
 (g:/texlive/2023/texmf-dist/tex/latex/tools/calc.sty
Package: calc 2017/05/25 v4.3 Infix arithmetic (KKT,FJ)
\calc@Acount=\count363
\calc@Bcount=\count364
\calc@Adimen=\dimen332
\calc@Bdimen=\dimen333
\calc@Askip=\skip71
\calc@Bskip=\skip72
LaTeX Info: Redefining \setlength on input line 80.
LaTeX Info: Redefining \addtolength on input line 81.
\calc@Ccount=\count365
\calc@Cskip=\skip73
)
\diagbox@boxa=\box104
\diagbox@boxb=\box105
\diagbox@boxm=\box106
\diagbox@wd=\dimen334
\diagbox@ht=\dimen335
\diagbox@insepl=\dimen336
\diagbox@insepr=\dimen337
\diagbox@outsepl=\dimen338
\diagbox@outsepr=\dimen339
) (g:/texlive/2023/texmf-dist/tex/latex/fancyvrb/fancyvrb.sty
Package: fancyvrb 2023/01/19 4.5a verbatim text (tvz,hv)
\FV@CodeLineNo=\count366
\FV@InFile=\read3
\FV@TabBox=\box107
\c@FancyVerbLine=\count367
\FV@StepNumber=\count368
\FV@OutFile=\write4
) (g:/texlive/2023/texmf-dist/tex/latex/listings/listings.sty
\lst@mode=\count369
\lst@gtempboxa=\box108
\lst@token=\toks48
\lst@length=\count370
\lst@currlwidth=\dimen340
\lst@column=\count371
\lst@pos=\count372
\lst@lostspace=\dimen341
\lst@width=\dimen342
\lst@newlines=\count373
\lst@lineno=\count374
\lst@maxwidth=\dimen343
 (g:/texlive/2023/texmf-dist/tex/latex/listings/lstmisc.sty
File: lstmisc.sty 2023/02/27 1.9 (Carsten Heinz)
\c@lstnumber=\count375
\lst@skipnumbers=\count376
\lst@framebox=\box109
) (g:/texlive/2023/texmf-dist/tex/latex/listings/listings.cfg
File: listings.cfg 2023/02/27 1.9 listings configuration
))
Package: listings 2023/02/27 1.9 (Carsten Heinz)
 (g:/texlive/2023/texmf-dist/tex/xelatex/xecjk/xeCJK-listings.sty
Package: xeCJK-listings 2022/08/05 v3.9.1 xeCJK patch file for listings
\l__xeCJK_listings_max_char_int=\count377
\l__xeCJK_listings_flag_int=\count378
) (g:/texlive/2023/texmf-dist/tex/latex/minted/minted.sty
Package: minted 2022/12/12 v2.7 Yet another Pygments shim for LaTeX
 (g:/texlive/2023/texmf-dist/tex/latex/fvextra/fvextra.sty
Package: fvextra 2022/11/30 v1.5 fvextra - extensions and patches for fancyvrb
 (g:/texlive/2023/texmf-dist/tex/latex/upquote/upquote.sty
Package: upquote 2012/04/19 v1.3 upright-quote and grave-accent glyphs in verbatim
 (g:/texlive/2023/texmf-dist/tex/latex/base/textcomp.sty
Package: textcomp 2020/02/02 v2.0n Standard LaTeX package
)) (g:/texlive/2023/texmf-dist/tex/latex/lineno/lineno.sty
Package: lineno 2023/01/19 line numbers on paragraphs v5.1
Invalid UTF-8 byte or sequence at line 290 replaced by U+FFFD.
\linenopenalty=\count379
\output=\toks49
\linenoprevgraf=\count380
\linenumbersep=\dimen344
\linenumberwidth=\dimen345
\c@linenumber=\count381
\c@pagewiselinenumber=\count382
\c@LN@truepage=\count383
\c@internallinenumber=\count384
\c@internallinenumbers=\count385
\quotelinenumbersep=\dimen346
\bframerule=\dimen347
\bframesep=\dimen348
\bframebox=\box110
\linenoamsmath@ams@eqpen=\count386
LaTeX Info: Redefining \\ on input line 3131.
)
\c@FV@TrueTabGroupLevel=\count387
\c@FV@TrueTabCounter=\count388
\FV@TabBox@Group=\box111
\FV@TmpLength=\skip74
\c@FV@HighlightLinesStart=\count389
\c@FV@HighlightLinesStop=\count390
\FV@LoopCount=\count391
\FV@NCharsBox=\box112
\FV@BreakIndent=\dimen349
\FV@BreakIndentNChars=\count392
\FV@BreakSymbolSepLeft=\dimen350
\FV@BreakSymbolSepLeftNChars=\count393
\FV@BreakSymbolSepRight=\dimen351
\FV@BreakSymbolSepRightNChars=\count394
\FV@BreakSymbolIndentLeft=\dimen352
\FV@BreakSymbolIndentLeftNChars=\count395
\FV@BreakSymbolIndentRight=\dimen353
\FV@BreakSymbolIndentRightNChars=\count396
\c@FancyVerbLineBreakLast=\count397
\FV@LineBox=\box113
\FV@LineIndentBox=\box114
\c@FV@BreakBufferDepth=\count398
\FV@LineWidth=\dimen354
) (g:/texlive/2023/texmf-dist/tex/latex/base/ifthen.sty
Package: ifthen 2022/04/13 v1.1d Standard LaTeX ifthen package (DPC)
) (g:/texlive/2023/texmf-dist/tex/latex/tools/shellesc.sty
Package: shellesc 2019/11/08 v1.0c unified shell escape interface for LaTeX
Package shellesc Info: Unrestricted shell escape enabled on input line 75.
) (g:/texlive/2023/texmf-dist/tex/latex/ifplatform/ifplatform.sty
Package: ifplatform 2017/10/13 v0.4a Testing for the operating system
 (g:/texlive/2023/texmf-dist/tex/generic/catchfile/catchfile.sty
Package: catchfile 2019/12/09 v1.8 Catch the contents of a file (HO)
 (g:/texlive/2023/texmf-dist/tex/generic/etexcmds/etexcmds.sty
Package: etexcmds 2019/12/15 v1.7 Avoid name clashes with e-TeX commands (HO)
)) (g:/texlive/2023/texmf-dist/tex/generic/iftex/ifluatex.sty
Package: ifluatex 2019/10/25 v1.5 ifluatex legacy package. Use iftex instead.
)) (g:/texlive/2023/texmf-dist/tex/generic/xstring/xstring.sty (g:/texlive/2023/texmf-dist/tex/generic/xstring/xstring.tex
\integerpart=\count399
\decimalpart=\count400
)
Package: xstring 2023/01/14 v1.85 String manipulations (CT)
) (g:/texlive/2023/texmf-dist/tex/latex/framed/framed.sty
Package: framed 2011/10/22 v 0.96: framed or shaded text with page breaks
\OuterFrameSep=\skip75
\fb@frw=\dimen355
\fb@frh=\dimen356
\FrameRule=\dimen357
\FrameSep=\dimen358
)
\minted@appexistsfile=\read4
\minted@bgbox=\box115
\minted@code=\write5
\c@minted@FancyVerbLineTemp=\count401
\c@minted@pygmentizecounter=\count402
\@float@every@listing=\toks50
\c@listing=\count403
)
runsystem(if not exist _minted-summary mkdir _minted-summary)...executed.

 (g:/texlive/2023/texmf-dist/tex/latex/extarrows/extarrows.sty
Package: extarrows 2020/03/12 v1.2.0 Some extensible arrows
) (g:/texlive/2023/texmf-dist/tex/latex/titlesec/titlesec.sty
Package: titlesec 2021/07/05 v2.14 Sectioning titles
\ttl@box=\box116
\beforetitleunit=\skip76
\aftertitleunit=\skip77
\ttl@plus=\dimen359
\ttl@minus=\dimen360
\ttl@toksa=\toks51
\titlewidth=\dimen361
\titlewidthlast=\dimen362
\titlewidthfirst=\dimen363
) (g:/texlive/2023/texmf-dist/tex/latex/preprint/authblk.sty
Package: authblk 2001/02/27 1.3 (PWD)
\affilsep=\skip78
\@affilsep=\skip79
\c@Maxaffil=\count404
\c@authors=\count405
\c@affil=\count406
) (g:/texlive/2023/texmf-dist/tex/latex/nicematrix/nicematrix.sty (g:/texlive/2023/texmf-dist/tex/latex/l3packages/l3keys2e/l3keys2e.sty
Package: l3keys2e 2023-02-02 LaTeX2e option processing using LaTeX3 keys
)
Package: nicematrix 2023/03/06 v6.16 Enhanced arrays with the help of PGF/TikZ
\g__nicematrix_env_int=\count407
\g__nicematrix_NiceMatrixBlock_int=\count408
\l__nicematrix_note_in_caption_int=\count409
\l__nicematrix_columns_width_dim=\dimen364
\l__nicematrix_col_width_dim=\dimen365
\g__nicematrix_row_total_int=\count410
\g__nicematrix_col_total_int=\count411
\g__nicematrix_last_row_node_int=\count412
\l__nicematrix_key_nb_rows_int=\count413
\g__nicematrix_blocks_wd_dim=\dimen366
\g__nicematrix_blocks_ht_dim=\dimen367
\g__nicematrix_blocks_dp_dim=\dimen368
\l__nicematrix_width_dim=\dimen369
\l__nicematrix_tabular_width_dim=\dimen370
\l__nicematrix_rule_width_dim=\dimen371
\l__nicematrix_old_iRow_int=\count414
\l__nicematrix_old_jCol_int=\count415
\g__nicematrix_total_X_weight_int=\count416
\l__nicematrix_X_columns_dim=\dimen372
\l__nicematrix_x_initial_dim=\dimen373
\l__nicematrix_y_initial_dim=\dimen374
\l__nicematrix_x_final_dim=\dimen375
\l__nicematrix_y_final_dim=\dimen376
\l__nicematrix_tmpc_dim=\dimen377
\l__nicematrix_tmpd_dim=\dimen378
\g__nicematrix_width_last_col_dim=\dimen379
\g__nicematrix_width_first_col_dim=\dimen380
\l__nicematrix_row_min_int=\count417
\l__nicematrix_row_max_int=\count418
\l__nicematrix_col_min_int=\count419
\l__nicematrix_col_max_int=\count420
\g__nicematrix_static_num_of_col_int=\count421
\l__nicematrix_rounded_corners_dim=\dimen381
\l__nicematrix_line_width_dim=\dimen382
\g__nicematrix_block_box_int=\count422
\l__nicematrix_submatrix_extra_height_dim=\dimen383
\l__nicematrix_submatrix_left_xshift_dim=\dimen384
\l__nicematrix_submatrix_right_xshift_dim=\dimen385
\l__nicematrix_first_row_int=\count423
\l__nicematrix_first_col_int=\count424
\l__nicematrix_last_row_int=\count425
\l__nicematrix_last_col_int=\count426
\c@tabularnote=\count427
\c@nicematrix_draft=\count428
\l__nicematrix_cell_space_top_limit_dim=\dimen386
\l__nicematrix_cell_space_bottom_limit_dim=\dimen387
\l__nicematrix_xdots_inter_dim=\dimen388
\l__nicematrix_xdots_shorten_start_dim=\dimen389
\l__nicematrix_xdots_shorten_end_dim=\dimen390
\l__nicematrix_xdots_radius_dim=\dimen391
\l__nicematrix_notes_above_space_dim=\dimen392
\l__nicematrix_left_margin_dim=\dimen393
\l__nicematrix_right_margin_dim=\dimen394
\l__nicematrix_extra_left_margin_dim=\dimen395
\l__nicematrix_extra_right_margin_dim=\dimen396
\c__nicematrix_max_l_dim=\dimen397
\l__nicematrix_position_int=\count429
\l__nicematrix_start_int=\count430
\l__nicematrix_multiplicity_int=\count431
\l__nicematrix_brace_yshift_dim=\dimen398
) (g:/texlive/2023/texmf-dist/tex/latex/fbox/fbox.sty
Package: fbox 2022/02/20 v. 0.06 allow parts of the frame (hv)
 (g:/texlive/2023/texmf-dist/tex/latex/xkeyval/xkeyval.sty
Package: xkeyval 2022/06/16 v2.9 package option processing (HA)
 (g:/texlive/2023/texmf-dist/tex/generic/xkeyval/xkeyval.tex (g:/texlive/2023/texmf-dist/tex/generic/xkeyval/xkvutils.tex
\XKV@toks=\toks52
\XKV@tempa@toks=\toks53
)
\XKV@depth=\count432
File: xkeyval.tex 2014/12/03 v2.7a key=value parser (HA)
))
\fbox@@rule=\skip80
\fbox@@sep=\skip81
\fpar@b@x=\box117
) (g:/texlive/2023/texmf-dist/tex/latex/tkz-graph/tkz-graph.sty
2021/01/20 v 2.00 tkz-graph.sty
Package: tkz-graph 2021/01/20 2.00 base for graphs
\c@tkz@gr@a=\count433
\c@tkz@gr@b=\count434
\c@tkz@gr@c=\count435
\c@tkz@gr@e=\count436
\c@tkz@gr@d=\count437
\c@tkz@gr@p=\count438
\c@tkz@gr@i=\count439
\c@tkz@gr@n=\count440
\c@tkz@gr@ta=\count441
\c@tkz@gr@tb=\count442
) (g:/texlive/2023/texmf-dist/tex/latex/nomencl/nomencl.sty
Package: nomencl 2021/11/10 v5.6 Nomenclature package
 (g:/texlive/2023/texmf-dist/tex/latex/koma-script/tocbasic.sty
Package: tocbasic 2022/10/12 v3.38 KOMA-Script package (handling toc-files)
 (g:/texlive/2023/texmf-dist/tex/latex/koma-script/scrbase.sty
Package: scrbase 2022/10/12 v3.38 KOMA-Script package (KOMA-Script-independent basics and keyval usage)
 (g:/texlive/2023/texmf-dist/tex/latex/koma-script/scrlfile.sty
Package: scrlfile 2022/10/12 v3.38 KOMA-Script package (file load hooks)
 (g:/texlive/2023/texmf-dist/tex/latex/koma-script/scrlfile-hook.sty
Package: scrlfile-hook 2022/10/12 v3.38 KOMA-Script package (using LaTeX hooks)
 (g:/texlive/2023/texmf-dist/tex/latex/koma-script/scrlogo.sty
Package: scrlogo 2022/10/12 v3.38 KOMA-Script package (logo)
)))
Applying: [2021/05/01] Usage of raw or classic option list on input line 252.
Already applied: [0000/00/00] Usage of raw or classic option list on input line 368.
)
\scr@dte@tocline@numberwidth=\skip82
\scr@dte@tocline@numbox=\box118
)
Package tocbasic Info: omitting babel extension for `nlo'
(tocbasic)             because of missing \bbl@set@language on input line 187.
Package tocbasic Info: omitting babel extension for `nls'
(tocbasic)             because of missing \bbl@set@language on input line 188.
\nomlabelwidth=\dimen399
\nom@tempdim=\dimen400
\nomitemsep=\skip83
)
\@nomenclaturefile=\write6
\openout6 = `summary.nlo'.

Package nomencl Info: Writing nomenclature file summary.nlo on input line 35.
 (g:/texlive/2023/texmf-dist/tex/latex/base/makeidx.sty
Package: makeidx 2021/10/04 v1.0m Standard LaTeX package
)
\@indexfile=\write7
\openout7 = `summary.idx'.


Writing index file summary.idx
(g:/texlive/2023/texmf-dist/tex/generic/hologo/hologo.sty
Package: hologo 2021-11-16 v1.15 A logo collection with bookmark support (HO)
 (g:/texlive/2023/texmf-dist/tex/generic/kvdefinekeys/kvdefinekeys.sty
Package: kvdefinekeys 2019-12-19 v1.6 Define keys (HO)
)) (g:/texlive/2023/texmf-dist/tex/latex/geometry/geometry.sty
Package: geometry 2020/01/02 v5.9 Page Geometry
 (g:/texlive/2023/texmf-dist/tex/generic/iftex/ifvtex.sty
Package: ifvtex 2019/10/25 v1.7 ifvtex legacy package. Use iftex instead.
)
\Gm@cnth=\count443
\Gm@cntv=\count444
\c@Gm@tempcnt=\count445
\Gm@bindingoffset=\dimen401
\Gm@wd@mp=\dimen402
\Gm@odd@mp=\dimen403
\Gm@even@mp=\dimen404
\Gm@layoutwidth=\dimen405
\Gm@layoutheight=\dimen406
\Gm@layouthoffset=\dimen407
\Gm@layoutvoffset=\dimen408
\Gm@dimlist=\toks54
)

Package fontspec Info: Font family 'TimesNewRoman(0)' created for font 'Times
(fontspec)             New Roman' with options [Ligatures=TeX].
(fontspec)              
(fontspec)              This font family consists of the following NFSS
(fontspec)             series/shapes:
(fontspec)              
(fontspec)             - 'normal' (m/n) with NFSS spec.: <->"Times New
(fontspec)             Roman/OT:script=latn;language=dflt;mapping=tex-text;"
(fontspec)             - 'small caps'  (m/sc) with NFSS spec.: <->"Times New
(fontspec)             Roman/OT:script=latn;language=dflt;+smcp;mapping=tex-text;"
(fontspec)             - 'bold' (b/n) with NFSS spec.: <->"Times New
(fontspec)             Roman/B/OT:script=latn;language=dflt;mapping=tex-text;"
(fontspec)             - 'bold small caps'  (b/sc) with NFSS spec.: <->"Times
(fontspec)             New
(fontspec)             Roman/B/OT:script=latn;language=dflt;+smcp;mapping=tex-text;"
(fontspec)             - 'italic' (m/it) with NFSS spec.: <->"Times New
(fontspec)             Roman/I/OT:script=latn;language=dflt;mapping=tex-text;"
(fontspec)             - 'italic small caps'  (m/scit) with NFSS spec.:
(fontspec)             <->"Times New
(fontspec)             Roman/I/OT:script=latn;language=dflt;+smcp;mapping=tex-text;"
(fontspec)             - 'bold italic' (b/it) with NFSS spec.: <->"Times New
(fontspec)             Roman/BI/OT:script=latn;language=dflt;mapping=tex-text;"
(fontspec)             - 'bold italic small caps'  (b/scit) with NFSS spec.:
(fontspec)             <->"Times New
(fontspec)             Roman/BI/OT:script=latn;language=dflt;+smcp;mapping=tex-text;"


Package fontspec Info: Font family 'Consolas(0)' created for font 'Consolas'
(fontspec)             with options [].
(fontspec)              
(fontspec)              This font family consists of the following NFSS
(fontspec)             series/shapes:
(fontspec)              
(fontspec)             - 'normal' (m/n) with NFSS spec.:
(fontspec)             <->"Consolas/OT:script=latn;language=dflt;"
(fontspec)             - 'small caps'  (m/sc) with NFSS spec.: 
(fontspec)             - 'bold' (b/n) with NFSS spec.:
(fontspec)             <->"Consolas/B/OT:script=latn;language=dflt;"
(fontspec)             - 'bold small caps'  (b/sc) with NFSS spec.: 
(fontspec)             - 'italic' (m/it) with NFSS spec.:
(fontspec)             <->"Consolas/I/OT:script=latn;language=dflt;"
(fontspec)             - 'italic small caps'  (m/scit) with NFSS spec.: 
(fontspec)             - 'bold italic' (b/it) with NFSS spec.:
(fontspec)             <->"Consolas/BI/OT:script=latn;language=dflt;"
(fontspec)             - 'bold italic small caps'  (b/scit) with NFSS spec.: 

 (g:/texlive/2023/texmf-dist/tex/latex/fancyhdr/fancyhdr.sty
Package: fancyhdr 2022/11/09 v4.1 Extensive control of page headers and footers
\f@nch@headwidth=\skip84
\f@nch@O@elh=\skip85
\f@nch@O@erh=\skip86
\f@nch@O@olh=\skip87
\f@nch@O@orh=\skip88
\f@nch@O@elf=\skip89
\f@nch@O@erf=\skip90
\f@nch@O@olf=\skip91
\f@nch@O@orf=\skip92
) (g:/texlive/2023/texmf-dist/tex/latex/listings/lstlang1.sty
File: lstlang1.sty 2023/02/27 1.9 listings language file
) (g:/texlive/2023/texmf-dist/tex/latex/listings/lstlang2.sty
File: lstlang2.sty 2023/02/27 1.9 listings language file
) (g:/texlive/2023/texmf-dist/tex/latex/listings/lstlang3.sty
File: lstlang3.sty 2023/02/27 1.9 listings language file
) (g:/texlive/2023/texmf-dist/tex/latex/hyperref/hyperref.sty
Package: hyperref 2023-02-07 v7.00v Hypertext links for LaTeX
 (g:/texlive/2023/texmf-dist/tex/generic/pdfescape/pdfescape.sty
Package: pdfescape 2019/12/09 v1.15 Implements pdfTeX's escape features (HO)
) (g:/texlive/2023/texmf-dist/tex/latex/hycolor/hycolor.sty
Package: hycolor 2020-01-27 v1.10 Color options for hyperref/bookmark (HO)
) (g:/texlive/2023/texmf-dist/tex/latex/letltxmacro/letltxmacro.sty
Package: letltxmacro 2019/12/03 v1.6 Let assignment for LaTeX macros (HO)
) (g:/texlive/2023/texmf-dist/tex/latex/auxhook/auxhook.sty
Package: auxhook 2019-12-17 v1.6 Hooks for auxiliary files (HO)
)
\@linkdim=\dimen409
\Hy@linkcounter=\count446
\Hy@pagecounter=\count447
 (g:/texlive/2023/texmf-dist/tex/latex/hyperref/pd1enc.def
File: pd1enc.def 2023-02-07 v7.00v Hyperref: PDFDocEncoding definition (HO)
) (g:/texlive/2023/texmf-dist/tex/generic/intcalc/intcalc.sty
Package: intcalc 2019/12/15 v1.3 Expandable calculations with integers (HO)
)
\Hy@SavedSpaceFactor=\count448
 (g:/texlive/2023/texmf-dist/tex/latex/hyperref/puenc.def
File: puenc.def 2023-02-07 v7.00v Hyperref: PDF Unicode definition (HO)
)
Package hyperref Info: Option `unicode' set `true' on input line 4060.
Package hyperref Info: Option `colorlinks' set `true' on input line 4060.
Package hyperref Info: Hyper figures OFF on input line 4177.
Package hyperref Info: Link nesting OFF on input line 4182.
Package hyperref Info: Hyper index ON on input line 4185.
Package hyperref Info: Plain pages OFF on input line 4192.
Package hyperref Info: Backreferencing OFF on input line 4197.
Package hyperref Info: Implicit mode ON; LaTeX internals redefined.
Package hyperref Info: Bookmarks ON on input line 4425.
\c@Hy@tempcnt=\count449
 (g:/texlive/2023/texmf-dist/tex/latex/url/url.sty
\Urlmuskip=\muskip18
Package: url 2013/09/16  ver 3.4  Verb mode for urls, etc.
)
LaTeX Info: Redefining \url on input line 4763.
\XeTeXLinkMargin=\dimen410
 (g:/texlive/2023/texmf-dist/tex/generic/bitset/bitset.sty
Package: bitset 2019/12/09 v1.3 Handle bit-vector datatype (HO)
 (g:/texlive/2023/texmf-dist/tex/generic/bigintcalc/bigintcalc.sty
Package: bigintcalc 2019/12/15 v1.5 Expandable calculations on big integers (HO)
))
\Fld@menulength=\count450
\Field@Width=\dimen411
\Fld@charsize=\dimen412
Package hyperref Info: Hyper figures OFF on input line 6042.
Package hyperref Info: Link nesting OFF on input line 6047.
Package hyperref Info: Hyper index ON on input line 6050.
Package hyperref Info: backreferencing OFF on input line 6057.
Package hyperref Info: Link coloring ON on input line 6060.
Package hyperref Info: Link coloring with OCG OFF on input line 6067.
Package hyperref Info: PDF/A mode OFF on input line 6072.
 (g:/texlive/2023/texmf-dist/tex/latex/base/atbegshi-ltx.sty
Package: atbegshi-ltx 2021/01/10 v1.0c Emulation of the original atbegshi
package with kernel methods
)
\Hy@abspage=\count451
\c@Item=\count452
\c@Hfootnote=\count453
)
Package hyperref Info: Driver (autodetected): hxetex.
 (g:/texlive/2023/texmf-dist/tex/latex/hyperref/hxetex.def
File: hxetex.def 2023-02-07 v7.00v Hyperref driver for XeTeX
 (g:/texlive/2023/texmf-dist/tex/generic/stringenc/stringenc.sty
Package: stringenc 2019/11/29 v1.12 Convert strings between diff. encodings (HO)
)
\pdfm@box=\box119
\c@Hy@AnnotLevel=\count454
\HyField@AnnotCount=\count455
\Fld@listcount=\count456
\c@bookmark@seq@number=\count457
 (g:/texlive/2023/texmf-dist/tex/latex/rerunfilecheck/rerunfilecheck.sty
Package: rerunfilecheck 2022-07-10 v1.10 Rerun checks for auxiliary files (HO)
 (g:/texlive/2023/texmf-dist/tex/latex/base/atveryend-ltx.sty
Package: atveryend-ltx 2020/08/19 v1.0a Emulation of the original atveryend package
with kernel methods
) (g:/texlive/2023/texmf-dist/tex/generic/uniquecounter/uniquecounter.sty
Package: uniquecounter 2019/12/15 v1.4 Provide unlimited unique counter (HO)
)
Package uniquecounter Info: New unique counter `rerunfilecheck' on input line 285.
)
\Hy@SectionHShift=\skip93
)
Package translations Info: No language package found. I am going to use `english' as default language. on input line 235.
runsystem(for ^%i in (pygmentize.exe pygmentize.bat pygmentize.cmd) do set > summary.aex <nul: /p x=^%~$PATH:i>> summary.aex)...executed.

runsystem(del summary.aex)...executed.

 (./summary.aux (./sections/前言.aux) (./sections/记号.aux) (./sections/初等概率论.aux) (./sections/统计推断.aux

LaTeX Warning: Label `' multiply defined.

) (./sections/线性回归分析.aux) (./sections/多元统计分析.aux

LaTeX Warning: Label `' multiply defined.

) (./sections/统计计算与软件.aux

LaTeX Warning: Label `' multiply defined.


LaTeX Warning: Label `' multiply defined.

) (./sections/数据科学导论.aux

LaTeX Warning: Label `' multiply defined.


LaTeX Warning: Label `' multiply defined.


LaTeX Warning: Label `' multiply defined.

) (./sections/可靠性数据与生存分析.aux

LaTeX Warning: Label `' multiply defined.


LaTeX Warning: Label `' multiply defined.


LaTeX Warning: Label `' multiply defined.


LaTeX Warning: Label `' multiply defined.

) (./sections/生物统计学概论.aux

LaTeX Warning: Label `' multiply defined.


LaTeX Warning: Label `' multiply defined.


LaTeX Warning: Label `' multiply defined.


LaTeX Warning: Label `' multiply defined.


LaTeX Warning: Label `' multiply defined.


LaTeX Warning: Label `' multiply defined.

) (./sections/统计学习导论.aux

LaTeX Warning: Label `' multiply defined.


LaTeX Warning: Label `' multiply defined.

) (./sections/应用时间序列分析.aux

LaTeX Warning: Label `' multiply defined.

) (./sections/因果推断导论.aux

LaTeX Warning: Label `' multiply defined.

) (./sections/应用随机过程.aux) (./sections/贝叶斯统计导论.aux) (./sections/实验设计与分析.aux) (./sections/ReferenceBook.aux) (./sections/后记.aux))
\openout1 = `summary.aux'.

LaTeX Font Info:    Checking defaults for OML/cmm/m/it on input line 235.
LaTeX Font Info:    ... okay on input line 235.
LaTeX Font Info:    Checking defaults for OMS/cmsy/m/n on input line 235.
LaTeX Font Info:    ... okay on input line 235.
LaTeX Font Info:    Checking defaults for OT1/cmr/m/n on input line 235.
LaTeX Font Info:    ... okay on input line 235.
LaTeX Font Info:    Checking defaults for T1/cmr/m/n on input line 235.
LaTeX Font Info:    ... okay on input line 235.
LaTeX Font Info:    Checking defaults for TS1/cmr/m/n on input line 235.
LaTeX Font Info:    ... okay on input line 235.
LaTeX Font Info:    Checking defaults for TU/lmr/m/n on input line 235.
LaTeX Font Info:    ... okay on input line 235.
LaTeX Font Info:    Checking defaults for OMX/cmex/m/n on input line 235.
LaTeX Font Info:    ... okay on input line 235.
LaTeX Font Info:    Checking defaults for U/cmr/m/n on input line 235.
LaTeX Font Info:    ... okay on input line 235.
LaTeX Font Info:    Checking defaults for PD1/pdf/m/n on input line 235.
LaTeX Font Info:    ... okay on input line 235.
LaTeX Font Info:    Checking defaults for PU/pdf/m/n on input line 235.
LaTeX Font Info:    ... okay on input line 235.

Package fontspec Info: Adjusting the maths setup (use [no-math] to avoid
(fontspec)             this).

\symlegacymaths=\mathgroup10
LaTeX Font Info:    Overwriting symbol font `legacymaths' in version `bold'
(Font)                  OT1/cmr/m/n --> OT1/cmr/bx/n on input line 235.
LaTeX Font Info:    Redeclaring math accent \acute on input line 235.
LaTeX Font Info:    Redeclaring math accent \grave on input line 235.
LaTeX Font Info:    Redeclaring math accent \ddot on input line 235.
LaTeX Font Info:    Redeclaring math accent \tilde on input line 235.
LaTeX Font Info:    Redeclaring math accent \bar on input line 235.
LaTeX Font Info:    Redeclaring math accent \breve on input line 235.
LaTeX Font Info:    Redeclaring math accent \check on input line 235.
LaTeX Font Info:    Redeclaring math accent \hat on input line 235.
LaTeX Font Info:    Redeclaring math accent \dot on input line 235.
LaTeX Font Info:    Redeclaring math accent \mathring on input line 235.
LaTeX Font Info:    Redeclaring math symbol \Gamma on input line 235.
LaTeX Font Info:    Redeclaring math symbol \Delta on input line 235.
LaTeX Font Info:    Redeclaring math symbol \Theta on input line 235.
LaTeX Font Info:    Redeclaring math symbol \Lambda on input line 235.
LaTeX Font Info:    Redeclaring math symbol \Xi on input line 235.
LaTeX Font Info:    Redeclaring math symbol \Pi on input line 235.
LaTeX Font Info:    Redeclaring math symbol \Sigma on input line 235.
LaTeX Font Info:    Redeclaring math symbol \Upsilon on input line 235.
LaTeX Font Info:    Redeclaring math symbol \Phi on input line 235.
LaTeX Font Info:    Redeclaring math symbol \Psi on input line 235.
LaTeX Font Info:    Redeclaring math symbol \Omega on input line 235.
LaTeX Font Info:    Redeclaring math symbol \mathdollar on input line 235.
LaTeX Font Info:    Redeclaring symbol font `operators' on input line 235.
LaTeX Font Info:    Encoding `OT1' has changed to `TU' for symbol font
(Font)              `operators' in the math version `normal' on input line 235.
LaTeX Font Info:    Overwriting symbol font `operators' in version `normal'
(Font)                  OT1/cmr/m/n --> TU/TimesNewRoman(0)/m/n on input line 235.
LaTeX Font Info:    Encoding `OT1' has changed to `TU' for symbol font
(Font)              `operators' in the math version `bold' on input line 235.
LaTeX Font Info:    Overwriting symbol font `operators' in version `bold'
(Font)                  OT1/cmr/bx/n --> TU/TimesNewRoman(0)/m/n on input line 235.
LaTeX Font Info:    Overwriting symbol font `operators' in version `normal'
(Font)                  TU/TimesNewRoman(0)/m/n --> TU/TimesNewRoman(0)/m/n on input line 235.
LaTeX Font Info:    Overwriting math alphabet `\mathit' in version `normal'
(Font)                  OT1/cmr/m/it --> TU/TimesNewRoman(0)/m/it on input line 235.
LaTeX Font Info:    Overwriting math alphabet `\mathbf' in version `normal'
(Font)                  OT1/cmr/bx/n --> TU/TimesNewRoman(0)/b/n on input line 235.
LaTeX Font Info:    Overwriting math alphabet `\mathsf' in version `normal'
(Font)                  OT1/cmss/m/n --> TU/lmss/m/n on input line 235.
LaTeX Font Info:    Overwriting math alphabet `\mathtt' in version `normal'
(Font)                  OT1/cmtt/m/n --> TU/lmtt/m/n on input line 235.
LaTeX Font Info:    Overwriting symbol font `operators' in version `bold'
(Font)                  TU/TimesNewRoman(0)/m/n --> TU/TimesNewRoman(0)/b/n on input line 235.
LaTeX Font Info:    Overwriting math alphabet `\mathit' in version `bold'
(Font)                  OT1/cmr/bx/it --> TU/TimesNewRoman(0)/b/it on input line 235.
LaTeX Font Info:    Overwriting math alphabet `\mathsf' in version `bold'
(Font)                  OT1/cmss/bx/n --> TU/lmss/b/n on input line 235.
LaTeX Font Info:    Overwriting math alphabet `\mathtt' in version `bold'
(Font)                  OT1/cmtt/m/n --> TU/lmtt/b/n on input line 235.
 (g:/texlive/2023/texmf-dist/tex/latex/translations/translations-basic-dictionary-english.trsl
File: translations-basic-dictionary-english.trsl (english translation file `translations-basic-dictionary')
)
Package translations Info: loading dictionary `translations-basic-dictionary' for `english'. on input line 235.
\c@lstlisting=\count458
\c@tabularnotesi=\count459
\enitdp@tabularnotes=\count460
\c@tabularnotes*i=\count461
\enitdp@tabularnotes*=\count462

*geometry* driver: auto-detecting
*geometry* detected driver: xetex
*geometry* verbose mode - [ preamble ] result:
* driver: xetex
* paper: a4paper
* layout: <same size as paper>
* layoutoffset:(h,v)=(0.0pt,0.0pt)
* bindingoffset: 14.22636pt
* modes: twoside 
* h-part:(L,W,R)=(45.5244pt, 492.23271pt, 45.5244pt)
* v-part:(T,H,B)=(71.13188pt, 722.70001pt, 51.21495pt)
* \paperwidth=597.50787pt
* \paperheight=845.04684pt
* \textwidth=492.23271pt
* \textheight=722.70001pt
* \oddsidemargin=-12.51923pt
* \evensidemargin=-26.74559pt
* \topmargin=-27.36447pt
* \headheight=12.0pt
* \headsep=14.22636pt
* \topskip=11.0pt
* \footskip=19.91692pt
* \marginparwidth=106.0pt
* \marginparsep=7.0pt
* \columnsep=10.0pt
* \skip\footins=10.0pt plus 4.0pt minus 2.0pt
* \hoffset=0.0pt
* \voffset=0.0pt
* \mag=1000
* \@twocolumnfalse
* \@twosidetrue
* \@mparswitchtrue
* \@reversemarginfalse
* (1in=72.27pt=25.4mm, 1cm=28.453pt)

Package hyperref Info: Link coloring ON on input line 235.
(./summary.out) (./summary.out)
\@outlinefile=\write8
\openout8 = `summary.out'.


Package fontspec Info: Could not resolve font "SimHei/BI" (it probably doesn't
(fontspec)             exist).


Package fontspec Info: Could not resolve font "SimHei/B" (it probably doesn't
(fontspec)             exist).


Package fontspec Info: Could not resolve font "SimHei/I" (it probably doesn't
(fontspec)             exist).


Package fontspec Info: Font family 'SimHei(0)' created for font 'SimHei' with
(fontspec)             options [Script={CJK}].
(fontspec)              
(fontspec)              This font family consists of the following NFSS
(fontspec)             series/shapes:
(fontspec)              
(fontspec)             - 'normal' (m/n) with NFSS spec.:
(fontspec)             <->"SimHei/OT:script=hani;language=dflt;"
(fontspec)             - 'small caps'  (m/sc) with NFSS spec.: 


Package fontspec Info: Could not resolve font "FangSong/BI" (it probably
(fontspec)             doesn't exist).


Package fontspec Info: Could not resolve font "FangSong/B" (it probably
(fontspec)             doesn't exist).


Package fontspec Info: Could not resolve font "FangSong/I" (it probably
(fontspec)             doesn't exist).


Package fontspec Info: Font family 'FangSong(0)' created for font 'FangSong'
(fontspec)             with options [Script={CJK}].
(fontspec)              
(fontspec)              This font family consists of the following NFSS
(fontspec)             series/shapes:
(fontspec)              
(fontspec)             - 'normal' (m/n) with NFSS spec.:
(fontspec)             <->"FangSong/OT:script=hani;language=dflt;"
(fontspec)             - 'small caps'  (m/sc) with NFSS spec.: 



Package fancyhdr Warning: \headheight is too small (12.0pt): 
(fancyhdr)                Make it at least 13.59999pt, for example:
(fancyhdr)                \setlength{\headheight}{13.59999pt}.
(fancyhdr)                You might also make \topmargin smaller to compensate:
(fancyhdr)                \addtolength{\topmargin}{-1.59999pt}.

[1


] [2

]
LaTeX Font Info:    Trying to load font information for U+msa on input line 281.
 (g:/texlive/2023/texmf-dist/tex/latex/amsfonts/umsa.fd
File: umsa.fd 2013/01/14 v3.01 AMS symbols A
)
LaTeX Font Info:    Trying to load font information for U+msb on input line 281.
 (g:/texlive/2023/texmf-dist/tex/latex/amsfonts/umsb.fd
File: umsb.fd 2013/01/14 v3.01 AMS symbols B
)
LaTeX Font Info:    Trying to load font information for U+rsfs on input line 281.
 (g:/texlive/2023/texmf-dist/tex/latex/jknapltx/ursfs.fd
File: ursfs.fd 1998/03/24 rsfs font definition file (jk)
)

Package fancyhdr Warning: \headheight is too small (12.0pt): 
(fancyhdr)                Make it at least 13.59999pt, for example:
(fancyhdr)                \setlength{\headheight}{13.59999pt}.
(fancyhdr)                You might also make \topmargin smaller to compensate:
(fancyhdr)                \addtolength{\topmargin}{-1.59999pt}.

[1]
\openout2 = `sections/前言.aux'.

 (./sections/前言.tex [2


]) [3

] (./summary.toc [4



]

Package fancyhdr Warning: \headheight is too small (12.0pt): 
(fancyhdr)                Make it at least 13.59999pt, for example:
(fancyhdr)                \setlength{\headheight}{13.59999pt}.
(fancyhdr)                You might also make \topmargin smaller to compensate:
(fancyhdr)                \addtolength{\topmargin}{-1.59999pt}.

[5]

Package fancyhdr Warning: \headheight is too small (12.0pt): 
(fancyhdr)                Make it at least 13.59999pt, for example:
(fancyhdr)                \setlength{\headheight}{13.59999pt}.
(fancyhdr)                You might also make \topmargin smaller to compensate:
(fancyhdr)                \addtolength{\topmargin}{-1.59999pt}.

[6]

Package fancyhdr Warning: \headheight is too small (12.0pt): 
(fancyhdr)                Make it at least 13.59999pt, for example:
(fancyhdr)                \setlength{\headheight}{13.59999pt}.
(fancyhdr)                You might also make \topmargin smaller to compensate:
(fancyhdr)                \addtolength{\topmargin}{-1.59999pt}.

[7]

Package fancyhdr Warning: \headheight is too small (12.0pt): 
(fancyhdr)                Make it at least 13.59999pt, for example:
(fancyhdr)                \setlength{\headheight}{13.59999pt}.
(fancyhdr)                You might also make \topmargin smaller to compensate:
(fancyhdr)                \addtolength{\topmargin}{-1.59999pt}.

[8]

Package fancyhdr Warning: \headheight is too small (12.0pt): 
(fancyhdr)                Make it at least 13.59999pt, for example:
(fancyhdr)                \setlength{\headheight}{13.59999pt}.
(fancyhdr)                You might also make \topmargin smaller to compensate:
(fancyhdr)                \addtolength{\topmargin}{-1.59999pt}.

[9]

Package fancyhdr Warning: \headheight is too small (12.0pt): 
(fancyhdr)                Make it at least 13.59999pt, for example:
(fancyhdr)                \setlength{\headheight}{13.59999pt}.
(fancyhdr)                You might also make \topmargin smaller to compensate:
(fancyhdr)                \addtolength{\topmargin}{-1.59999pt}.

[10]

Package fancyhdr Warning: \headheight is too small (12.0pt): 
(fancyhdr)                Make it at least 13.59999pt, for example:
(fancyhdr)                \setlength{\headheight}{13.59999pt}.
(fancyhdr)                You might also make \topmargin smaller to compensate:
(fancyhdr)                \addtolength{\topmargin}{-1.59999pt}.

[11]

Package fancyhdr Warning: \headheight is too small (12.0pt): 
(fancyhdr)                Make it at least 13.59999pt, for example:
(fancyhdr)                \setlength{\headheight}{13.59999pt}.
(fancyhdr)                You might also make \topmargin smaller to compensate:
(fancyhdr)                \addtolength{\topmargin}{-1.59999pt}.

[12]

Package fancyhdr Warning: \headheight is too small (12.0pt): 
(fancyhdr)                Make it at least 13.59999pt, for example:
(fancyhdr)                \setlength{\headheight}{13.59999pt}.
(fancyhdr)                You might also make \topmargin smaller to compensate:
(fancyhdr)                \addtolength{\topmargin}{-1.59999pt}.

[13])
\tf@toc=\write9
\openout9 = `summary.toc'.



Package fancyhdr Warning: \headheight is too small (12.0pt): 
(fancyhdr)                Make it at least 13.59999pt, for example:
(fancyhdr)                \setlength{\headheight}{13.59999pt}.
(fancyhdr)                You might also make \topmargin smaller to compensate:
(fancyhdr)                \addtolength{\topmargin}{-1.59999pt}.

[14]
\pgf@layerbox@marx=\box120
\pgf@layerboxsaved@marx=\box121
\openout2 = `sections/记号.aux'.

 (./sections/记号.tex (./summary.nls [15


]))

Package fancyhdr Warning: \headheight is too small (12.0pt): 
(fancyhdr)                Make it at least 13.59999pt, for example:
(fancyhdr)                \setlength{\headheight}{13.59999pt}.
(fancyhdr)                You might also make \topmargin smaller to compensate:
(fancyhdr)                \addtolength{\topmargin}{-1.59999pt}.

[16]
\openout2 = `sections/初等概率论.aux'.

 (./sections/初等概率论.tex
Chapter 1.

Overfull \hbox (2.55188pt too wide) in paragraph at lines 55--56
[]\TU/TimesNewRoman(0)/m/n/10.95 Relation between distributions and more properties see [][]$[][][][] [] [] [] [][][] [] [][][][] [] [][] [] [][][] [] [][][][][][][] [] [][][][][] [] [][][] []
 []

[17




]

Package hyperref Warning: Token not allowed in a PDF string (Unicode):
(hyperref)                removing `math shift' on input line 68.


Package hyperref Warning: Token not allowed in a PDF string (Unicode):
(hyperref)                removing `\sigma' on input line 68.


Package hyperref Warning: Token not allowed in a PDF string (Unicode):
(hyperref)                removing `math shift' on input line 68.


Package fontspec Info: Could not resolve font "KaiTi/BI" (it probably doesn't
(fontspec)             exist).


Package fontspec Info: Could not resolve font "KaiTi/B" (it probably doesn't
(fontspec)             exist).


Package fontspec Info: Could not resolve font "KaiTi/I" (it probably doesn't
(fontspec)             exist).


Package fontspec Info: Font family 'KaiTi(0)' created for font 'KaiTi' with
(fontspec)             options [Script={CJK}].
(fontspec)              
(fontspec)              This font family consists of the following NFSS
(fontspec)             series/shapes:
(fontspec)              
(fontspec)             - 'normal' (m/n) with NFSS spec.:
(fontspec)             <->"KaiTi/OT:script=hani;language=dflt;"
(fontspec)             - 'small caps'  (m/sc) with NFSS spec.: 


Package fancyhdr Warning: \headheight is too small (12.0pt): 
(fancyhdr)                Make it at least 13.59999pt, for example:
(fancyhdr)                \setlength{\headheight}{13.59999pt}.
(fancyhdr)                You might also make \topmargin smaller to compensate:
(fancyhdr)                \addtolength{\topmargin}{-1.59999pt}.

[18]

Package fancyhdr Warning: \headheight is too small (12.0pt): 
(fancyhdr)                Make it at least 13.59999pt, for example:
(fancyhdr)                \setlength{\headheight}{13.59999pt}.
(fancyhdr)                You might also make \topmargin smaller to compensate:
(fancyhdr)                \addtolength{\topmargin}{-1.59999pt}.

[19]

Package fancyhdr Warning: \headheight is too small (12.0pt): 
(fancyhdr)                Make it at least 13.59999pt, for example:
(fancyhdr)                \setlength{\headheight}{13.59999pt}.
(fancyhdr)                You might also make \topmargin smaller to compensate:
(fancyhdr)                \addtolength{\topmargin}{-1.59999pt}.

[20]

Package fancyhdr Warning: \headheight is too small (12.0pt): 
(fancyhdr)                Make it at least 13.59999pt, for example:
(fancyhdr)                \setlength{\headheight}{13.59999pt}.
(fancyhdr)                You might also make \topmargin smaller to compensate:
(fancyhdr)                \addtolength{\topmargin}{-1.59999pt}.

[21]
Overfull \hbox (4.63432pt too wide) detected at line 357
[]
 []


Package fancyhdr Warning: \headheight is too small (12.0pt): 
(fancyhdr)                Make it at least 13.59999pt, for example:
(fancyhdr)                \setlength{\headheight}{13.59999pt}.
(fancyhdr)                You might also make \topmargin smaller to compensate:
(fancyhdr)                \addtolength{\topmargin}{-1.59999pt}.

[22]
Overfull \hbox (16.76271pt too wide) in paragraph at lines 412--413
[]\TU/TimesNewRoman(0)/m/n/10.95 Relation between Poisson Process and Exponential and Uniform distribution see [][]section 12.2.5[][][]~[][]page 319[][][]. 
 []


Package fancyhdr Warning: \headheight is too small (12.0pt): 
(fancyhdr)                Make it at least 13.59999pt, for example:
(fancyhdr)                \setlength{\headheight}{13.59999pt}.
(fancyhdr)                You might also make \topmargin smaller to compensate:
(fancyhdr)                \addtolength{\topmargin}{-1.59999pt}.

[23]

Package fancyhdr Warning: \headheight is too small (12.0pt): 
(fancyhdr)                Make it at least 13.59999pt, for example:
(fancyhdr)                \setlength{\headheight}{13.59999pt}.
(fancyhdr)                You might also make \topmargin smaller to compensate:
(fancyhdr)                \addtolength{\topmargin}{-1.59999pt}.

[24]

Package hyperref Warning: Token not allowed in a PDF string (Unicode):
(hyperref)                removing `math shift' on input line 486.


Package hyperref Warning: Token not allowed in a PDF string (Unicode):
(hyperref)                removing `math shift' on input line 486.


Package hyperref Warning: Token not allowed in a PDF string (Unicode):
(hyperref)                removing `math shift' on input line 486.


Package hyperref Warning: Token not allowed in a PDF string (Unicode):
(hyperref)                removing `math shift' on input line 486.


Package hyperref Warning: Token not allowed in a PDF string (Unicode):
(hyperref)                removing `math shift' on input line 486.


Package hyperref Warning: Token not allowed in a PDF string (Unicode):
(hyperref)                removing `math shift' on input line 486.


Package hyperref Warning: Token not allowed in a PDF string (Unicode):
(hyperref)                removing `math shift' on input line 491.


Package hyperref Warning: Token not allowed in a PDF string (Unicode):
(hyperref)                removing `\leavevmode@ifvmode' on input line 491.


Package hyperref Warning: Token not allowed in a PDF string (Unicode):
(hyperref)                \kern 1.82538pt
(hyperref)                removed on input line 491.


Package hyperref Warning: Token not allowed in a PDF string (Unicode):
(hyperref)                removing `\cdot' on input line 491.


Package hyperref Warning: Token not allowed in a PDF string (Unicode):
(hyperref)                removing `\leavevmode@ifvmode' on input line 491.


Package hyperref Warning: Token not allowed in a PDF string (Unicode):
(hyperref)                \kern 1.82538pt
(hyperref)                removed on input line 491.


Package hyperref Warning: Token not allowed in a PDF string (Unicode):
(hyperref)                removing `math shift' on input line 491.


Overfull \hbox (44.72177pt too wide) in paragraph at lines 501--502
[]\TU/TimesNewRoman(0)/m/n/10.95 Sometimes when there are more than 1 variables, say $\OML/cmm/m/it/10.95 x; y$\TU/TimesNewRoman(0)/m/n/10.95 , we would use notation $\U/msb/m/n/10.95 E[] []$ \TU/TimesNewRoman(0)/m/n/10.95 or $\U/msb/m/n/10.95 E[] []$
 []


Package fancyhdr Warning: \headheight is too small (12.0pt): 
(fancyhdr)                Make it at least 13.59999pt, for example:
(fancyhdr)                \setlength{\headheight}{13.59999pt}.
(fancyhdr)                You might also make \topmargin smaller to compensate:
(fancyhdr)                \addtolength{\topmargin}{-1.59999pt}.

[25]

Package hyperref Warning: Token not allowed in a PDF string (Unicode):
(hyperref)                removing `math shift' on input line 541.


Package hyperref Warning: Token not allowed in a PDF string (Unicode):
(hyperref)                removing `\leavevmode@ifvmode' on input line 541.


Package hyperref Warning: Token not allowed in a PDF string (Unicode):
(hyperref)                \kern 1.82538pt
(hyperref)                removed on input line 541.


Package hyperref Warning: Token not allowed in a PDF string (Unicode):
(hyperref)                removing `\cdot' on input line 541.


Package hyperref Warning: Token not allowed in a PDF string (Unicode):
(hyperref)                removing `\leavevmode@ifvmode' on input line 541.


Package hyperref Warning: Token not allowed in a PDF string (Unicode):
(hyperref)                \kern 1.82538pt
(hyperref)                removed on input line 541.


Package hyperref Warning: Token not allowed in a PDF string (Unicode):
(hyperref)                removing `math shift' on input line 541.


Package hyperref Warning: Token not allowed in a PDF string (Unicode):
(hyperref)                removing `math shift' on input line 579.


Package hyperref Warning: Token not allowed in a PDF string (Unicode):
(hyperref)                removing `\leavevmode@ifvmode' on input line 579.


Package hyperref Warning: Token not allowed in a PDF string (Unicode):
(hyperref)                \kern 1.82538pt
(hyperref)                removed on input line 579.


Package hyperref Warning: Token not allowed in a PDF string (Unicode):
(hyperref)                removing `\cdot' on input line 579.


Package hyperref Warning: Token not allowed in a PDF string (Unicode):
(hyperref)                removing `\leavevmode@ifvmode' on input line 579.


Package hyperref Warning: Token not allowed in a PDF string (Unicode):
(hyperref)                \kern 1.82538pt
(hyperref)                removed on input line 579.


Package hyperref Warning: Token not allowed in a PDF string (Unicode):
(hyperref)                removing `math shift' on input line 579.


Package hyperref Warning: Token not allowed in a PDF string (Unicode):
(hyperref)                removing `math shift' on input line 579.


Package hyperref Warning: Token not allowed in a PDF string (Unicode):
(hyperref)                removing `\leavevmode@ifvmode' on input line 579.


Package hyperref Warning: Token not allowed in a PDF string (Unicode):
(hyperref)                \kern 1.82538pt
(hyperref)                removed on input line 579.


Package hyperref Warning: Token not allowed in a PDF string (Unicode):
(hyperref)                removing `\cdot' on input line 579.


Package hyperref Warning: Token not allowed in a PDF string (Unicode):
(hyperref)                removing `\leavevmode@ifvmode' on input line 579.


Package hyperref Warning: Token not allowed in a PDF string (Unicode):
(hyperref)                \kern 1.82538pt
(hyperref)                removed on input line 579.


Package hyperref Warning: Token not allowed in a PDF string (Unicode):
(hyperref)                removing `math shift' on input line 579.


Package fancyhdr Warning: \headheight is too small (12.0pt): 
(fancyhdr)                Make it at least 13.59999pt, for example:
(fancyhdr)                \setlength{\headheight}{13.59999pt}.
(fancyhdr)                You might also make \topmargin smaller to compensate:
(fancyhdr)                \addtolength{\topmargin}{-1.59999pt}.

[26]

Package fancyhdr Warning: \headheight is too small (12.0pt): 
(fancyhdr)                Make it at least 13.59999pt, for example:
(fancyhdr)                \setlength{\headheight}{13.59999pt}.
(fancyhdr)                You might also make \topmargin smaller to compensate:
(fancyhdr)                \addtolength{\topmargin}{-1.59999pt}.

[27]

Package fancyhdr Warning: \headheight is too small (12.0pt): 
(fancyhdr)                Make it at least 13.59999pt, for example:
(fancyhdr)                \setlength{\headheight}{13.59999pt}.
(fancyhdr)                You might also make \topmargin smaller to compensate:
(fancyhdr)                \addtolength{\topmargin}{-1.59999pt}.

[28]

Package fancyhdr Warning: \headheight is too small (12.0pt): 
(fancyhdr)                Make it at least 13.59999pt, for example:
(fancyhdr)                \setlength{\headheight}{13.59999pt}.
(fancyhdr)                You might also make \topmargin smaller to compensate:
(fancyhdr)                \addtolength{\topmargin}{-1.59999pt}.

[29]

Package fancyhdr Warning: \headheight is too small (12.0pt): 
(fancyhdr)                Make it at least 13.59999pt, for example:
(fancyhdr)                \setlength{\headheight}{13.59999pt}.
(fancyhdr)                You might also make \topmargin smaller to compensate:
(fancyhdr)                \addtolength{\topmargin}{-1.59999pt}.

[30]

Package fancyhdr Warning: \headheight is too small (12.0pt): 
(fancyhdr)                Make it at least 13.59999pt, for example:
(fancyhdr)                \setlength{\headheight}{13.59999pt}.
(fancyhdr)                You might also make \topmargin smaller to compensate:
(fancyhdr)                \addtolength{\topmargin}{-1.59999pt}.

[31]

Package fancyhdr Warning: \headheight is too small (12.0pt): 
(fancyhdr)                Make it at least 13.59999pt, for example:
(fancyhdr)                \setlength{\headheight}{13.59999pt}.
(fancyhdr)                You might also make \topmargin smaller to compensate:
(fancyhdr)                \addtolength{\topmargin}{-1.59999pt}.

[32]

Package fancyhdr Warning: \headheight is too small (12.0pt): 
(fancyhdr)                Make it at least 13.59999pt, for example:
(fancyhdr)                \setlength{\headheight}{13.59999pt}.
(fancyhdr)                You might also make \topmargin smaller to compensate:
(fancyhdr)                \addtolength{\topmargin}{-1.59999pt}.

[33]

Package hyperref Warning: Token not allowed in a PDF string (Unicode):
(hyperref)                removing `math shift' on input line 1047.


Package hyperref Warning: Token not allowed in a PDF string (Unicode):
(hyperref)                removing `\chi' on input line 1047.


Package hyperref Warning: Token not allowed in a PDF string (Unicode):
(hyperref)                removing `superscript' on input line 1047.


Package hyperref Warning: Token not allowed in a PDF string (Unicode):
(hyperref)                removing `math shift' on input line 1047.


Package hyperref Warning: Token not allowed in a PDF string (Unicode):
(hyperref)                removing `math shift' on input line 1047.


Package hyperref Warning: Token not allowed in a PDF string (Unicode):
(hyperref)                removing `\leavevmode@ifvmode' on input line 1047.


Package hyperref Warning: Token not allowed in a PDF string (Unicode):
(hyperref)                \kern 1.82538pt
(hyperref)                removed on input line 1047.


Package hyperref Warning: Token not allowed in a PDF string (Unicode):
(hyperref)                removing `\leavevmode@ifvmode' on input line 1047.


Package hyperref Warning: Token not allowed in a PDF string (Unicode):
(hyperref)                \kern 1.82538pt
(hyperref)                removed on input line 1047.


Package hyperref Warning: Token not allowed in a PDF string (Unicode):
(hyperref)                removing `math shift' on input line 1047.


Package fancyhdr Warning: \headheight is too small (12.0pt): 
(fancyhdr)                Make it at least 13.59999pt, for example:
(fancyhdr)                \setlength{\headheight}{13.59999pt}.
(fancyhdr)                You might also make \topmargin smaller to compensate:
(fancyhdr)                \addtolength{\topmargin}{-1.59999pt}.

[34]

Package fancyhdr Warning: \headheight is too small (12.0pt): 
(fancyhdr)                Make it at least 13.59999pt, for example:
(fancyhdr)                \setlength{\headheight}{13.59999pt}.
(fancyhdr)                You might also make \topmargin smaller to compensate:
(fancyhdr)                \addtolength{\topmargin}{-1.59999pt}.

[35])

Package fancyhdr Warning: \headheight is too small (12.0pt): 
(fancyhdr)                Make it at least 13.59999pt, for example:
(fancyhdr)                \setlength{\headheight}{13.59999pt}.
(fancyhdr)                You might also make \topmargin smaller to compensate:
(fancyhdr)                \addtolength{\topmargin}{-1.59999pt}.

[36]
\openout2 = `sections/统计推断.aux'.

 (./sections/统计推断.tex
Chapter 2.
[37




]

Package fancyhdr Warning: \headheight is too small (12.0pt): 
(fancyhdr)                Make it at least 13.59999pt, for example:
(fancyhdr)                \setlength{\headheight}{13.59999pt}.
(fancyhdr)                You might also make \topmargin smaller to compensate:
(fancyhdr)                \addtolength{\topmargin}{-1.59999pt}.

[38]

Package fancyhdr Warning: \headheight is too small (12.0pt): 
(fancyhdr)                Make it at least 13.59999pt, for example:
(fancyhdr)                \setlength{\headheight}{13.59999pt}.
(fancyhdr)                You might also make \topmargin smaller to compensate:
(fancyhdr)                \addtolength{\topmargin}{-1.59999pt}.

[39]

Package fancyhdr Warning: \headheight is too small (12.0pt): 
(fancyhdr)                Make it at least 13.59999pt, for example:
(fancyhdr)                \setlength{\headheight}{13.59999pt}.
(fancyhdr)                You might also make \topmargin smaller to compensate:
(fancyhdr)                \addtolength{\topmargin}{-1.59999pt}.

[40]

Package fancyhdr Warning: \headheight is too small (12.0pt): 
(fancyhdr)                Make it at least 13.59999pt, for example:
(fancyhdr)                \setlength{\headheight}{13.59999pt}.
(fancyhdr)                You might also make \topmargin smaller to compensate:
(fancyhdr)                \addtolength{\topmargin}{-1.59999pt}.

[41]

Package fancyhdr Warning: \headheight is too small (12.0pt): 
(fancyhdr)                Make it at least 13.59999pt, for example:
(fancyhdr)                \setlength{\headheight}{13.59999pt}.
(fancyhdr)                You might also make \topmargin smaller to compensate:
(fancyhdr)                \addtolength{\topmargin}{-1.59999pt}.

[42]

Package fancyhdr Warning: \headheight is too small (12.0pt): 
(fancyhdr)                Make it at least 13.59999pt, for example:
(fancyhdr)                \setlength{\headheight}{13.59999pt}.
(fancyhdr)                You might also make \topmargin smaller to compensate:
(fancyhdr)                \addtolength{\topmargin}{-1.59999pt}.

[43]

Package fancyhdr Warning: \headheight is too small (12.0pt): 
(fancyhdr)                Make it at least 13.59999pt, for example:
(fancyhdr)                \setlength{\headheight}{13.59999pt}.
(fancyhdr)                You might also make \topmargin smaller to compensate:
(fancyhdr)                \addtolength{\topmargin}{-1.59999pt}.

[44]

Package fancyhdr Warning: \headheight is too small (12.0pt): 
(fancyhdr)                Make it at least 13.59999pt, for example:
(fancyhdr)                \setlength{\headheight}{13.59999pt}.
(fancyhdr)                You might also make \topmargin smaller to compensate:
(fancyhdr)                \addtolength{\topmargin}{-1.59999pt}.

[45]

Package fancyhdr Warning: \headheight is too small (12.0pt): 
(fancyhdr)                Make it at least 13.59999pt, for example:
(fancyhdr)                \setlength{\headheight}{13.59999pt}.
(fancyhdr)                You might also make \topmargin smaller to compensate:
(fancyhdr)                \addtolength{\topmargin}{-1.59999pt}.

[46]

Package fancyhdr Warning: \headheight is too small (12.0pt): 
(fancyhdr)                Make it at least 13.59999pt, for example:
(fancyhdr)                \setlength{\headheight}{13.59999pt}.
(fancyhdr)                You might also make \topmargin smaller to compensate:
(fancyhdr)                \addtolength{\topmargin}{-1.59999pt}.

[47]

Package fancyhdr Warning: \headheight is too small (12.0pt): 
(fancyhdr)                Make it at least 13.59999pt, for example:
(fancyhdr)                \setlength{\headheight}{13.59999pt}.
(fancyhdr)                You might also make \topmargin smaller to compensate:
(fancyhdr)                \addtolength{\topmargin}{-1.59999pt}.

[48]

Package fancyhdr Warning: \headheight is too small (12.0pt): 
(fancyhdr)                Make it at least 13.59999pt, for example:
(fancyhdr)                \setlength{\headheight}{13.59999pt}.
(fancyhdr)                You might also make \topmargin smaller to compensate:
(fancyhdr)                \addtolength{\topmargin}{-1.59999pt}.

[49]

Package fancyhdr Warning: \headheight is too small (12.0pt): 
(fancyhdr)                Make it at least 13.59999pt, for example:
(fancyhdr)                \setlength{\headheight}{13.59999pt}.
(fancyhdr)                You might also make \topmargin smaller to compensate:
(fancyhdr)                \addtolength{\topmargin}{-1.59999pt}.

[50]

Package fancyhdr Warning: \headheight is too small (12.0pt): 
(fancyhdr)                Make it at least 13.59999pt, for example:
(fancyhdr)                \setlength{\headheight}{13.59999pt}.
(fancyhdr)                You might also make \topmargin smaller to compensate:
(fancyhdr)                \addtolength{\topmargin}{-1.59999pt}.

[51]

Package fancyhdr Warning: \headheight is too small (12.0pt): 
(fancyhdr)                Make it at least 13.59999pt, for example:
(fancyhdr)                \setlength{\headheight}{13.59999pt}.
(fancyhdr)                You might also make \topmargin smaller to compensate:
(fancyhdr)                \addtolength{\topmargin}{-1.59999pt}.

[52]

Package fancyhdr Warning: \headheight is too small (12.0pt): 
(fancyhdr)                Make it at least 13.59999pt, for example:
(fancyhdr)                \setlength{\headheight}{13.59999pt}.
(fancyhdr)                You might also make \topmargin smaller to compensate:
(fancyhdr)                \addtolength{\topmargin}{-1.59999pt}.

[53]
Underfull \hbox (badness 10000) in paragraph at lines 979--980

 []


Package fancyhdr Warning: \headheight is too small (12.0pt): 
(fancyhdr)                Make it at least 13.59999pt, for example:
(fancyhdr)                \setlength{\headheight}{13.59999pt}.
(fancyhdr)                You might also make \topmargin smaller to compensate:
(fancyhdr)                \addtolength{\topmargin}{-1.59999pt}.

[54]
Underfull \vbox (badness 10000) has occurred while \output is active []



Package fancyhdr Warning: \headheight is too small (12.0pt): 
(fancyhdr)                Make it at least 13.59999pt, for example:
(fancyhdr)                \setlength{\headheight}{13.59999pt}.
(fancyhdr)                You might also make \topmargin smaller to compensate:
(fancyhdr)                \addtolength{\topmargin}{-1.59999pt}.

[55]
Overfull \hbox (9.94446pt too wide) in paragraph at lines 1125--1125
 []$| 
 []


Package fancyhdr Warning: \headheight is too small (12.0pt): 
(fancyhdr)                Make it at least 13.59999pt, for example:
(fancyhdr)                \setlength{\headheight}{13.59999pt}.
(fancyhdr)                You might also make \topmargin smaller to compensate:
(fancyhdr)                \addtolength{\topmargin}{-1.59999pt}.

[56]

Package fancyhdr Warning: \headheight is too small (12.0pt): 
(fancyhdr)                Make it at least 13.59999pt, for example:
(fancyhdr)                \setlength{\headheight}{13.59999pt}.
(fancyhdr)                You might also make \topmargin smaller to compensate:
(fancyhdr)                \addtolength{\topmargin}{-1.59999pt}.

[57]
File: sections/images/2022-09-05-16-16-51.png Graphic file (type bmp)
<sections/images/2022-09-05-16-16-51.png>


Package fancyhdr Warning: \headheight is too small (12.0pt): 
(fancyhdr)                Make it at least 13.59999pt, for example:
(fancyhdr)                \setlength{\headheight}{13.59999pt}.
(fancyhdr)                You might also make \topmargin smaller to compensate:
(fancyhdr)                \addtolength{\topmargin}{-1.59999pt}.

[58]

Package fancyhdr Warning: \headheight is too small (12.0pt): 
(fancyhdr)                Make it at least 13.59999pt, for example:
(fancyhdr)                \setlength{\headheight}{13.59999pt}.
(fancyhdr)                You might also make \topmargin smaller to compensate:
(fancyhdr)                \addtolength{\topmargin}{-1.59999pt}.

[59]

Package fancyhdr Warning: \headheight is too small (12.0pt): 
(fancyhdr)                Make it at least 13.59999pt, for example:
(fancyhdr)                \setlength{\headheight}{13.59999pt}.
(fancyhdr)                You might also make \topmargin smaller to compensate:
(fancyhdr)                \addtolength{\topmargin}{-1.59999pt}.

[60]

Package fancyhdr Warning: \headheight is too small (12.0pt): 
(fancyhdr)                Make it at least 13.59999pt, for example:
(fancyhdr)                \setlength{\headheight}{13.59999pt}.
(fancyhdr)                You might also make \topmargin smaller to compensate:
(fancyhdr)                \addtolength{\topmargin}{-1.59999pt}.

[61]

Package fancyhdr Warning: \headheight is too small (12.0pt): 
(fancyhdr)                Make it at least 13.59999pt, for example:
(fancyhdr)                \setlength{\headheight}{13.59999pt}.
(fancyhdr)                You might also make \topmargin smaller to compensate:
(fancyhdr)                \addtolength{\topmargin}{-1.59999pt}.

[62]

Package fancyhdr Warning: \headheight is too small (12.0pt): 
(fancyhdr)                Make it at least 13.59999pt, for example:
(fancyhdr)                \setlength{\headheight}{13.59999pt}.
(fancyhdr)                You might also make \topmargin smaller to compensate:
(fancyhdr)                \addtolength{\topmargin}{-1.59999pt}.

[63]

Package fancyhdr Warning: \headheight is too small (12.0pt): 
(fancyhdr)                Make it at least 13.59999pt, for example:
(fancyhdr)                \setlength{\headheight}{13.59999pt}.
(fancyhdr)                You might also make \topmargin smaller to compensate:
(fancyhdr)                \addtolength{\topmargin}{-1.59999pt}.

[64]

Package fancyhdr Warning: \headheight is too small (12.0pt): 
(fancyhdr)                Make it at least 13.59999pt, for example:
(fancyhdr)                \setlength{\headheight}{13.59999pt}.
(fancyhdr)                You might also make \topmargin smaller to compensate:
(fancyhdr)                \addtolength{\topmargin}{-1.59999pt}.

[65]

Package fancyhdr Warning: \headheight is too small (12.0pt): 
(fancyhdr)                Make it at least 13.59999pt, for example:
(fancyhdr)                \setlength{\headheight}{13.59999pt}.
(fancyhdr)                You might also make \topmargin smaller to compensate:
(fancyhdr)                \addtolength{\topmargin}{-1.59999pt}.

[66]
Underfull \vbox (badness 1509) has occurred while \output is active []



Package fancyhdr Warning: \headheight is too small (12.0pt): 
(fancyhdr)                Make it at least 13.59999pt, for example:
(fancyhdr)                \setlength{\headheight}{13.59999pt}.
(fancyhdr)                You might also make \topmargin smaller to compensate:
(fancyhdr)                \addtolength{\topmargin}{-1.59999pt}.

[67]

Package fancyhdr Warning: \headheight is too small (12.0pt): 
(fancyhdr)                Make it at least 13.59999pt, for example:
(fancyhdr)                \setlength{\headheight}{13.59999pt}.
(fancyhdr)                You might also make \topmargin smaller to compensate:
(fancyhdr)                \addtolength{\topmargin}{-1.59999pt}.

[68]
Underfull \hbox (badness 10000) in paragraph at lines 1983--1990

 []


Underfull \hbox (badness 10000) in paragraph at lines 1983--1990

 []


Underfull \hbox (badness 10000) in paragraph at lines 1983--1990

 []


Underfull \hbox (badness 10000) in paragraph at lines 1983--1990

 []


Overfull \hbox (27.54291pt too wide) detected at line 2060
[][][]
 []


Underfull \vbox (badness 10000) has occurred while \output is active []



Package fancyhdr Warning: \headheight is too small (12.0pt): 
(fancyhdr)                Make it at least 13.59999pt, for example:
(fancyhdr)                \setlength{\headheight}{13.59999pt}.
(fancyhdr)                You might also make \topmargin smaller to compensate:
(fancyhdr)                \addtolength{\topmargin}{-1.59999pt}.

[69])

Package fancyhdr Warning: \headheight is too small (12.0pt): 
(fancyhdr)                Make it at least 13.59999pt, for example:
(fancyhdr)                \setlength{\headheight}{13.59999pt}.
(fancyhdr)                You might also make \topmargin smaller to compensate:
(fancyhdr)                \addtolength{\topmargin}{-1.59999pt}.

[70]
\openout2 = `sections/线性回归分析.aux'.

 (./sections/线性回归分析.tex
Chapter 3.
[71




]
Overfull \hbox (29.00969pt too wide) in paragraph at lines 72--73
[]\TU/TimesNewRoman(0)/m/n/10.95 In regression model, we will observe pairs of variables, called ’cases’(\TU/SimSun(0)/m/n/10.95 样 本 点\TU/TimesNewRoman(0)/m/n/10.95 ). A sample is $\OT1/cmr/m/n/10.95 (\OML/cmm/m/it/10.95 X[]\OT1/cmr/m/n/10.95 ; \OML/cmm/m/it/10.95 Y[]\OT1/cmr/m/n/10.95 )\OML/cmm/m/it/10.95 ; [] ; \OT1/cmr/m/n/10.95 (\OML/cmm/m/it/10.95 X[]\OT1/cmr/m/n/10.95 ; \OML/cmm/m/it/10.95 Y[]\OT1/cmr/m/n/10.95 )$\TU/TimesNewRoman(0)/m/n/10.95 ,
 []


Underfull \vbox (badness 5260) has occurred while \output is active []



Package fancyhdr Warning: \headheight is too small (12.0pt): 
(fancyhdr)                Make it at least 13.59999pt, for example:
(fancyhdr)                \setlength{\headheight}{13.59999pt}.
(fancyhdr)                You might also make \topmargin smaller to compensate:
(fancyhdr)                \addtolength{\topmargin}{-1.59999pt}.

[72]
Underfull \hbox (badness 10000) in paragraph at lines 213--214

 []


Package fancyhdr Warning: \headheight is too small (12.0pt): 
(fancyhdr)                Make it at least 13.59999pt, for example:
(fancyhdr)                \setlength{\headheight}{13.59999pt}.
(fancyhdr)                You might also make \topmargin smaller to compensate:
(fancyhdr)                \addtolength{\topmargin}{-1.59999pt}.

[73]

Package fancyhdr Warning: \headheight is too small (12.0pt): 
(fancyhdr)                Make it at least 13.59999pt, for example:
(fancyhdr)                \setlength{\headheight}{13.59999pt}.
(fancyhdr)                You might also make \topmargin smaller to compensate:
(fancyhdr)                \addtolength{\topmargin}{-1.59999pt}.

[74]

Package fancyhdr Warning: \headheight is too small (12.0pt): 
(fancyhdr)                Make it at least 13.59999pt, for example:
(fancyhdr)                \setlength{\headheight}{13.59999pt}.
(fancyhdr)                You might also make \topmargin smaller to compensate:
(fancyhdr)                \addtolength{\topmargin}{-1.59999pt}.

[75]

Package fancyhdr Warning: \headheight is too small (12.0pt): 
(fancyhdr)                Make it at least 13.59999pt, for example:
(fancyhdr)                \setlength{\headheight}{13.59999pt}.
(fancyhdr)                You might also make \topmargin smaller to compensate:
(fancyhdr)                \addtolength{\topmargin}{-1.59999pt}.

[76]

Package hyperref Warning: Token not allowed in a PDF string (Unicode):
(hyperref)                removing `math shift' on input line 451.


Package hyperref Warning: Token not allowed in a PDF string (Unicode):
(hyperref)                removing `\beta' on input line 451.


Package hyperref Warning: Token not allowed in a PDF string (Unicode):
(hyperref)                removing `subscript' on input line 451.


Package hyperref Warning: Token not allowed in a PDF string (Unicode):
(hyperref)                removing `math shift' on input line 451.


Package hyperref Warning: Token not allowed in a PDF string (Unicode):
(hyperref)                removing `math shift' on input line 451.


Package hyperref Warning: Token not allowed in a PDF string (Unicode):
(hyperref)                removing `\beta' on input line 451.


Package hyperref Warning: Token not allowed in a PDF string (Unicode):
(hyperref)                removing `subscript' on input line 451.


Package hyperref Warning: Token not allowed in a PDF string (Unicode):
(hyperref)                removing `math shift' on input line 451.


Package hyperref Warning: Token not allowed in a PDF string (Unicode):
(hyperref)                removing `math shift' on input line 451.


Package hyperref Warning: Token not allowed in a PDF string (Unicode):
(hyperref)                removing `\sigma' on input line 451.


Package hyperref Warning: Token not allowed in a PDF string (Unicode):
(hyperref)                removing `superscript' on input line 451.


Package hyperref Warning: Token not allowed in a PDF string (Unicode):
(hyperref)                removing `math shift' on input line 451.


Package fancyhdr Warning: \headheight is too small (12.0pt): 
(fancyhdr)                Make it at least 13.59999pt, for example:
(fancyhdr)                \setlength{\headheight}{13.59999pt}.
(fancyhdr)                You might also make \topmargin smaller to compensate:
(fancyhdr)                \addtolength{\topmargin}{-1.59999pt}.

[77]

Package hyperref Warning: Token not allowed in a PDF string (Unicode):
(hyperref)                removing `math shift' on input line 544.


Package hyperref Warning: Token not allowed in a PDF string (Unicode):
(hyperref)                removing `subscript' on input line 544.


Package hyperref Warning: Token not allowed in a PDF string (Unicode):
(hyperref)                removing `math shift' on input line 544.


Package fancyhdr Warning: \headheight is too small (12.0pt): 
(fancyhdr)                Make it at least 13.59999pt, for example:
(fancyhdr)                \setlength{\headheight}{13.59999pt}.
(fancyhdr)                You might also make \topmargin smaller to compensate:
(fancyhdr)                \addtolength{\topmargin}{-1.59999pt}.

[78]

Package fancyhdr Warning: \headheight is too small (12.0pt): 
(fancyhdr)                Make it at least 13.59999pt, for example:
(fancyhdr)                \setlength{\headheight}{13.59999pt}.
(fancyhdr)                You might also make \topmargin smaller to compensate:
(fancyhdr)                \addtolength{\topmargin}{-1.59999pt}.

[79]
Underfull \hbox (badness 10000) in paragraph at lines 707--708

 []


Package fancyhdr Warning: \headheight is too small (12.0pt): 
(fancyhdr)                Make it at least 13.59999pt, for example:
(fancyhdr)                \setlength{\headheight}{13.59999pt}.
(fancyhdr)                You might also make \topmargin smaller to compensate:
(fancyhdr)                \addtolength{\topmargin}{-1.59999pt}.

[80]

Package fancyhdr Warning: \headheight is too small (12.0pt): 
(fancyhdr)                Make it at least 13.59999pt, for example:
(fancyhdr)                \setlength{\headheight}{13.59999pt}.
(fancyhdr)                You might also make \topmargin smaller to compensate:
(fancyhdr)                \addtolength{\topmargin}{-1.59999pt}.

[81]

Package hyperref Warning: Token not allowed in a PDF string (Unicode):
(hyperref)                removing `math shift' on input line 809.


Package hyperref Warning: Token not allowed in a PDF string (Unicode):
(hyperref)                removing `\beta' on input line 809.


Package hyperref Warning: Token not allowed in a PDF string (Unicode):
(hyperref)                removing `math shift' on input line 809.


Package hyperref Warning: Token not allowed in a PDF string (Unicode):
(hyperref)                removing `math shift' on input line 809.


Package hyperref Warning: Token not allowed in a PDF string (Unicode):
(hyperref)                removing `\sigma' on input line 809.


Package hyperref Warning: Token not allowed in a PDF string (Unicode):
(hyperref)                removing `superscript' on input line 809.


Package hyperref Warning: Token not allowed in a PDF string (Unicode):
(hyperref)                removing `math shift' on input line 809.


Overfull \hbox (11.79814pt too wide) in paragraph at lines 812--813
[]\TU/TimesNewRoman(0)/m/n/10.95 Sampling Distribution of $[]$: (Here consider normal case $\OML/cmm/m/it/10.95 Y \OMS/cmsy/m/n/10.95 ^^X \OML/cmm/m/it/10.95 N\OT1/cmr/m/n/10.95 (\OML/cmm/m/it/10.95 X^^L; ^^[[]I[]\OT1/cmr/m/n/10.95 )$\TU/TimesNewRoman(0)/m/n/10.95 , and use [][]equation 4.66[][][]~[][]page 123[][][]) 
 []


Package fancyhdr Warning: \headheight is too small (12.0pt): 
(fancyhdr)                Make it at least 13.59999pt, for example:
(fancyhdr)                \setlength{\headheight}{13.59999pt}.
(fancyhdr)                You might also make \topmargin smaller to compensate:
(fancyhdr)                \addtolength{\topmargin}{-1.59999pt}.

[82]

Package hyperref Warning: Token not allowed in a PDF string (Unicode):
(hyperref)                removing `math shift' on input line 896.


Package hyperref Warning: Token not allowed in a PDF string (Unicode):
(hyperref)                removing `subscript' on input line 896.


Package hyperref Warning: Token not allowed in a PDF string (Unicode):
(hyperref)                removing `math shift' on input line 896.


Package fancyhdr Warning: \headheight is too small (12.0pt): 
(fancyhdr)                Make it at least 13.59999pt, for example:
(fancyhdr)                \setlength{\headheight}{13.59999pt}.
(fancyhdr)                You might also make \topmargin smaller to compensate:
(fancyhdr)                \addtolength{\topmargin}{-1.59999pt}.

[83]

Package fancyhdr Warning: \headheight is too small (12.0pt): 
(fancyhdr)                Make it at least 13.59999pt, for example:
(fancyhdr)                \setlength{\headheight}{13.59999pt}.
(fancyhdr)                You might also make \topmargin smaller to compensate:
(fancyhdr)                \addtolength{\topmargin}{-1.59999pt}.

[84]

Package fancyhdr Warning: \headheight is too small (12.0pt): 
(fancyhdr)                Make it at least 13.59999pt, for example:
(fancyhdr)                \setlength{\headheight}{13.59999pt}.
(fancyhdr)                You might also make \topmargin smaller to compensate:
(fancyhdr)                \addtolength{\topmargin}{-1.59999pt}.

[85]
Overfull \hbox (4.29893pt too wide) in paragraph at lines 1178--1179
[]\TU/TimesNewRoman(0)/m/n/10.95 Plot $\OT1/cmr/m/n/10.95 (\OML/cmm/m/it/10.95 e[]\OMS/cmsy/m/n/10.95 j\OML/cmm/m/it/10.95 X[]\OT1/cmr/m/n/10.95 )$\TU/TimesNewRoman(0)/m/n/10.95 -$\OT1/cmr/m/n/10.95 (\OML/cmm/m/it/10.95 e[]\OMS/cmsy/m/n/10.95 j\OML/cmm/m/it/10.95 X[]\OT1/cmr/m/n/10.95 )$ \TU/TimesNewRoman(0)/m/n/10.95 as Added Variable Plot (AV Plot)[]. Used for testing non-linearity/heterogeneous-
 []


Package fancyhdr Warning: \headheight is too small (12.0pt): 
(fancyhdr)                Make it at least 13.59999pt, for example:
(fancyhdr)                \setlength{\headheight}{13.59999pt}.
(fancyhdr)                You might also make \topmargin smaller to compensate:
(fancyhdr)                \addtolength{\topmargin}{-1.59999pt}.

[86]

Package hyperref Warning: Token not allowed in a PDF string (Unicode):
(hyperref)                removing `math shift' on input line 1206.


Package hyperref Warning: Token not allowed in a PDF string (Unicode):
(hyperref)                removing `math shift' on input line 1206.


Package fancyhdr Warning: \headheight is too small (12.0pt): 
(fancyhdr)                Make it at least 13.59999pt, for example:
(fancyhdr)                \setlength{\headheight}{13.59999pt}.
(fancyhdr)                You might also make \topmargin smaller to compensate:
(fancyhdr)                \addtolength{\topmargin}{-1.59999pt}.

[87]

Package fancyhdr Warning: \headheight is too small (12.0pt): 
(fancyhdr)                Make it at least 13.59999pt, for example:
(fancyhdr)                \setlength{\headheight}{13.59999pt}.
(fancyhdr)                You might also make \topmargin smaller to compensate:
(fancyhdr)                \addtolength{\topmargin}{-1.59999pt}.

[88]

Package fancyhdr Warning: \headheight is too small (12.0pt): 
(fancyhdr)                Make it at least 13.59999pt, for example:
(fancyhdr)                \setlength{\headheight}{13.59999pt}.
(fancyhdr)                You might also make \topmargin smaller to compensate:
(fancyhdr)                \addtolength{\topmargin}{-1.59999pt}.

[89]

Package fancyhdr Warning: \headheight is too small (12.0pt): 
(fancyhdr)                Make it at least 13.59999pt, for example:
(fancyhdr)                \setlength{\headheight}{13.59999pt}.
(fancyhdr)                You might also make \topmargin smaller to compensate:
(fancyhdr)                \addtolength{\topmargin}{-1.59999pt}.

[90]

Package fancyhdr Warning: \headheight is too small (12.0pt): 
(fancyhdr)                Make it at least 13.59999pt, for example:
(fancyhdr)                \setlength{\headheight}{13.59999pt}.
(fancyhdr)                You might also make \topmargin smaller to compensate:
(fancyhdr)                \addtolength{\topmargin}{-1.59999pt}.

[91]

Package fancyhdr Warning: \headheight is too small (12.0pt): 
(fancyhdr)                Make it at least 13.59999pt, for example:
(fancyhdr)                \setlength{\headheight}{13.59999pt}.
(fancyhdr)                You might also make \topmargin smaller to compensate:
(fancyhdr)                \addtolength{\topmargin}{-1.59999pt}.

[92]

Package fancyhdr Warning: \headheight is too small (12.0pt): 
(fancyhdr)                Make it at least 13.59999pt, for example:
(fancyhdr)                \setlength{\headheight}{13.59999pt}.
(fancyhdr)                You might also make \topmargin smaller to compensate:
(fancyhdr)                \addtolength{\topmargin}{-1.59999pt}.

[93]
Overfull \hbox (24.53802pt too wide) in paragraph at lines 1666--1667
[]\TU/TimesNewRoman(0)/m/n/10.95 Diagnostics to \TU/TimesNewRoman(0)/b/n/10.95 Influential\TU/TimesNewRoman(0)/m/n/10.95 : Studentized DiFference in BETA estimates (DFBETAS)[]. Use [][]equation 3.56[][][]~[][]page 82[][][],
 []


Package fancyhdr Warning: \headheight is too small (12.0pt): 
(fancyhdr)                Make it at least 13.59999pt, for example:
(fancyhdr)                \setlength{\headheight}{13.59999pt}.
(fancyhdr)                You might also make \topmargin smaller to compensate:
(fancyhdr)                \addtolength{\topmargin}{-1.59999pt}.

[94]

Package fancyhdr Warning: \headheight is too small (12.0pt): 
(fancyhdr)                Make it at least 13.59999pt, for example:
(fancyhdr)                \setlength{\headheight}{13.59999pt}.
(fancyhdr)                You might also make \topmargin smaller to compensate:
(fancyhdr)                \addtolength{\topmargin}{-1.59999pt}.

[95]

Package fancyhdr Warning: \headheight is too small (12.0pt): 
(fancyhdr)                Make it at least 13.59999pt, for example:
(fancyhdr)                \setlength{\headheight}{13.59999pt}.
(fancyhdr)                You might also make \topmargin smaller to compensate:
(fancyhdr)                \addtolength{\topmargin}{-1.59999pt}.

[96]

Package fancyhdr Warning: \headheight is too small (12.0pt): 
(fancyhdr)                Make it at least 13.59999pt, for example:
(fancyhdr)                \setlength{\headheight}{13.59999pt}.
(fancyhdr)                You might also make \topmargin smaller to compensate:
(fancyhdr)                \addtolength{\topmargin}{-1.59999pt}.

[97]

Package fancyhdr Warning: \headheight is too small (12.0pt): 
(fancyhdr)                Make it at least 13.59999pt, for example:
(fancyhdr)                \setlength{\headheight}{13.59999pt}.
(fancyhdr)                You might also make \topmargin smaller to compensate:
(fancyhdr)                \addtolength{\topmargin}{-1.59999pt}.

[98]

Package fancyhdr Warning: \headheight is too small (12.0pt): 
(fancyhdr)                Make it at least 13.59999pt, for example:
(fancyhdr)                \setlength{\headheight}{13.59999pt}.
(fancyhdr)                You might also make \topmargin smaller to compensate:
(fancyhdr)                \addtolength{\topmargin}{-1.59999pt}.

[99]

Package fancyhdr Warning: \headheight is too small (12.0pt): 
(fancyhdr)                Make it at least 13.59999pt, for example:
(fancyhdr)                \setlength{\headheight}{13.59999pt}.
(fancyhdr)                You might also make \topmargin smaller to compensate:
(fancyhdr)                \addtolength{\topmargin}{-1.59999pt}.

[100]

Package fancyhdr Warning: \headheight is too small (12.0pt): 
(fancyhdr)                Make it at least 13.59999pt, for example:
(fancyhdr)                \setlength{\headheight}{13.59999pt}.
(fancyhdr)                You might also make \topmargin smaller to compensate:
(fancyhdr)                \addtolength{\topmargin}{-1.59999pt}.

[101]

Package fancyhdr Warning: \headheight is too small (12.0pt): 
(fancyhdr)                Make it at least 13.59999pt, for example:
(fancyhdr)                \setlength{\headheight}{13.59999pt}.
(fancyhdr)                You might also make \topmargin smaller to compensate:
(fancyhdr)                \addtolength{\topmargin}{-1.59999pt}.

[102]

Package fancyhdr Warning: \headheight is too small (12.0pt): 
(fancyhdr)                Make it at least 13.59999pt, for example:
(fancyhdr)                \setlength{\headheight}{13.59999pt}.
(fancyhdr)                You might also make \topmargin smaller to compensate:
(fancyhdr)                \addtolength{\topmargin}{-1.59999pt}.

[103]

Package fancyhdr Warning: \headheight is too small (12.0pt): 
(fancyhdr)                Make it at least 13.59999pt, for example:
(fancyhdr)                \setlength{\headheight}{13.59999pt}.
(fancyhdr)                You might also make \topmargin smaller to compensate:
(fancyhdr)                \addtolength{\topmargin}{-1.59999pt}.

[104]

Package fancyhdr Warning: \headheight is too small (12.0pt): 
(fancyhdr)                Make it at least 13.59999pt, for example:
(fancyhdr)                \setlength{\headheight}{13.59999pt}.
(fancyhdr)                You might also make \topmargin smaller to compensate:
(fancyhdr)                \addtolength{\topmargin}{-1.59999pt}.

[105]

Package fancyhdr Warning: \headheight is too small (12.0pt): 
(fancyhdr)                Make it at least 13.59999pt, for example:
(fancyhdr)                \setlength{\headheight}{13.59999pt}.
(fancyhdr)                You might also make \topmargin smaller to compensate:
(fancyhdr)                \addtolength{\topmargin}{-1.59999pt}.

[106]

Package fancyhdr Warning: \headheight is too small (12.0pt): 
(fancyhdr)                Make it at least 13.59999pt, for example:
(fancyhdr)                \setlength{\headheight}{13.59999pt}.
(fancyhdr)                You might also make \topmargin smaller to compensate:
(fancyhdr)                \addtolength{\topmargin}{-1.59999pt}.

[107]

Package fancyhdr Warning: \headheight is too small (12.0pt): 
(fancyhdr)                Make it at least 13.59999pt, for example:
(fancyhdr)                \setlength{\headheight}{13.59999pt}.
(fancyhdr)                You might also make \topmargin smaller to compensate:
(fancyhdr)                \addtolength{\topmargin}{-1.59999pt}.

[108]

Package fancyhdr Warning: \headheight is too small (12.0pt): 
(fancyhdr)                Make it at least 13.59999pt, for example:
(fancyhdr)                \setlength{\headheight}{13.59999pt}.
(fancyhdr)                You might also make \topmargin smaller to compensate:
(fancyhdr)                \addtolength{\topmargin}{-1.59999pt}.

[109]
Overfull \hbox (16.979pt too wide) in paragraph at lines 2772--2778
\TU/TimesNewRoman(0)/m/n/10.95 ent distribution for regression. We usually use Exponential Family distribution $\OML/cmm/m/it/10.95 f\OT1/cmr/m/n/10.95 (\OML/cmm/m/it/10.95 y\OT1/cmr/m/n/10.95 ; []\OML/cmm/m/it/10.95 ; []\OT1/cmr/m/n/10.95 )$ \TU/TimesNewRoman(0)/m/n/10.95 as in [][]equation 2.18[][][]~[][]page 40[][][],
 []


Package fancyhdr Warning: \headheight is too small (12.0pt): 
(fancyhdr)                Make it at least 13.59999pt, for example:
(fancyhdr)                \setlength{\headheight}{13.59999pt}.
(fancyhdr)                You might also make \topmargin smaller to compensate:
(fancyhdr)                \addtolength{\topmargin}{-1.59999pt}.

[110]

Package fancyhdr Warning: \headheight is too small (12.0pt): 
(fancyhdr)                Make it at least 13.59999pt, for example:
(fancyhdr)                \setlength{\headheight}{13.59999pt}.
(fancyhdr)                You might also make \topmargin smaller to compensate:
(fancyhdr)                \addtolength{\topmargin}{-1.59999pt}.

[111]

Package fancyhdr Warning: \headheight is too small (12.0pt): 
(fancyhdr)                Make it at least 13.59999pt, for example:
(fancyhdr)                \setlength{\headheight}{13.59999pt}.
(fancyhdr)                You might also make \topmargin smaller to compensate:
(fancyhdr)                \addtolength{\topmargin}{-1.59999pt}.

[112])

Package fancyhdr Warning: \headheight is too small (12.0pt): 
(fancyhdr)                Make it at least 13.59999pt, for example:
(fancyhdr)                \setlength{\headheight}{13.59999pt}.
(fancyhdr)                You might also make \topmargin smaller to compensate:
(fancyhdr)                \addtolength{\topmargin}{-1.59999pt}.

[113]
\openout2 = `sections/多元统计分析.aux'.

 (./sections/多元统计分析.tex
Chapter 4.
[114




]

Package fancyhdr Warning: \headheight is too small (12.0pt): 
(fancyhdr)                Make it at least 13.59999pt, for example:
(fancyhdr)                \setlength{\headheight}{13.59999pt}.
(fancyhdr)                You might also make \topmargin smaller to compensate:
(fancyhdr)                \addtolength{\topmargin}{-1.59999pt}.

[115]
\g__nicematrix_max_cell_width_dim=\dimen413
\c@iRow=\count463
\c@jCol=\count464
\l__nicematrix_cell_box=\box122
\l__nicematrix_the_array_box=\box123
\l__nicematrix_left_delim_dim=\dimen414
\l__nicematrix_right_delim_dim=\dimen415
\g__nicematrix_dp_row_zero_dim=\dimen416
\g__nicematrix_ht_row_zero_dim=\dimen417
\g__nicematrix_ht_row_one_dim=\dimen418
\g__nicematrix_dp_ante_last_row_dim=\dimen419
\g__nicematrix_ht_last_row_dim=\dimen420
\g__nicematrix_dp_last_row_dim=\dimen421
\g__nicematrix_ddots_int=\count465
\g__nicematrix_iddots_int=\count466
\g__nicematrix_delta_x_one_dim=\dimen422
\g__nicematrix_delta_y_one_dim=\dimen423
\g__nicematrix_delta_x_two_dim=\dimen424
\g__nicematrix_delta_y_two_dim=\dimen425
\l__nicematrix_initial_i_int=\count467
\l__nicematrix_initial_j_int=\count468
\l__nicematrix_final_i_int=\count469
\l__nicematrix_final_j_int=\count470


Package fancyhdr Warning: \headheight is too small (12.0pt): 
(fancyhdr)                Make it at least 13.59999pt, for example:
(fancyhdr)                \setlength{\headheight}{13.59999pt}.
(fancyhdr)                You might also make \topmargin smaller to compensate:
(fancyhdr)                \addtolength{\topmargin}{-1.59999pt}.

[116]

Package fancyhdr Warning: \headheight is too small (12.0pt): 
(fancyhdr)                Make it at least 13.59999pt, for example:
(fancyhdr)                \setlength{\headheight}{13.59999pt}.
(fancyhdr)                You might also make \topmargin smaller to compensate:
(fancyhdr)                \addtolength{\topmargin}{-1.59999pt}.

[117]

Package fancyhdr Warning: \headheight is too small (12.0pt): 
(fancyhdr)                Make it at least 13.59999pt, for example:
(fancyhdr)                \setlength{\headheight}{13.59999pt}.
(fancyhdr)                You might also make \topmargin smaller to compensate:
(fancyhdr)                \addtolength{\topmargin}{-1.59999pt}.

[118]

Package fancyhdr Warning: \headheight is too small (12.0pt): 
(fancyhdr)                Make it at least 13.59999pt, for example:
(fancyhdr)                \setlength{\headheight}{13.59999pt}.
(fancyhdr)                You might also make \topmargin smaller to compensate:
(fancyhdr)                \addtolength{\topmargin}{-1.59999pt}.

[119]
Underfull \hbox (badness 10000) in paragraph at lines 400--401

 []


Underfull \hbox (badness 10000) in paragraph at lines 401--402

 []


Underfull \hbox (badness 10000) in paragraph at lines 402--403

 []


Underfull \hbox (badness 10000) in paragraph at lines 403--404

 []


Underfull \hbox (badness 10000) in paragraph at lines 404--405

 []


Underfull \hbox (badness 10000) in paragraph at lines 405--406

 []


Underfull \hbox (badness 10000) in paragraph at lines 406--407

 []


Package fancyhdr Warning: \headheight is too small (12.0pt): 
(fancyhdr)                Make it at least 13.59999pt, for example:
(fancyhdr)                \setlength{\headheight}{13.59999pt}.
(fancyhdr)                You might also make \topmargin smaller to compensate:
(fancyhdr)                \addtolength{\topmargin}{-1.59999pt}.

[120]
Overfull \hbox (17.8686pt too wide) in paragraph at lines 471--472
[]\TU/TimesNewRoman(0)/m/n/10.95 Weighted Frobenius norm: $\OMS/cmsy/m/n/10.95 k\OML/cmm/m/it/10.95 A\OMS/cmsy/m/n/10.95 k[] \OT1/cmr/m/n/10.95 = \OMS/cmsy/m/n/10.95 k\OML/cmm/m/it/10.95 W[]AW[]\OMS/cmsy/m/n/10.95 k[]$\TU/TimesNewRoman(0)/m/n/10.95 ( or some textbooks uses $\OMS/cmsy/m/n/10.95 k\OML/cmm/m/it/10.95 W[]AW[]\OMS/cmsy/m/n/10.95 k[]$\TU/TimesNewRoman(0)/m/n/10.95 ) 
 []


Package fancyhdr Warning: \headheight is too small (12.0pt): 
(fancyhdr)                Make it at least 13.59999pt, for example:
(fancyhdr)                \setlength{\headheight}{13.59999pt}.
(fancyhdr)                You might also make \topmargin smaller to compensate:
(fancyhdr)                \addtolength{\topmargin}{-1.59999pt}.

[121]

Package fancyhdr Warning: \headheight is too small (12.0pt): 
(fancyhdr)                Make it at least 13.59999pt, for example:
(fancyhdr)                \setlength{\headheight}{13.59999pt}.
(fancyhdr)                You might also make \topmargin smaller to compensate:
(fancyhdr)                \addtolength{\topmargin}{-1.59999pt}.

[122]
Overfull \hbox (16.94385pt too wide) in paragraph at lines 569--570
[]\TU/TimesNewRoman(0)/m/n/10.95 Note: Here in the $[]$, the $\OT1/cmr/m/n/10.95 ([] \OMS/cmsy/m/n/10.95 ^^@ []\OT1/cmr/m/n/10.95 )[]^^F[]([] \OMS/cmsy/m/n/10.95 ^^@ []\OT1/cmr/m/n/10.95 )$ \TU/TimesNewRoman(0)/m/n/10.95 is the Mahalanobis Distance $\OML/cmm/m/it/10.95 d[]$ \TU/TimesNewRoman(0)/m/n/10.95 defined in [][]equation 4.29[][][]~[][]page 118[][][] 
 []


Package fancyhdr Warning: \headheight is too small (12.0pt): 
(fancyhdr)                Make it at least 13.59999pt, for example:
(fancyhdr)                \setlength{\headheight}{13.59999pt}.
(fancyhdr)                You might also make \topmargin smaller to compensate:
(fancyhdr)                \addtolength{\topmargin}{-1.59999pt}.

[123]
Underfull \hbox (badness 10000) in paragraph at lines 718--719

 []


Package hyperref Warning: Token not allowed in a PDF string (Unicode):
(hyperref)                removing `math shift' on input line 749.


Package hyperref Warning: Token not allowed in a PDF string (Unicode):
(hyperref)                removing `\bool_gset_true:N' on input line 749.


Package hyperref Warning: Token not allowed in a PDF string (Unicode):
(hyperref)                removing `\g__siunitx_emulation_unit_warning_\bar_bool' on input line 749.


Package hyperref Warning: Token not allowed in a PDF string (Unicode):
(hyperref)                removing `\msg_warning:nnnn' on input line 749.


Package hyperref Warning: Token not allowed in a PDF string (Unicode):
(hyperref)                removing `math shift' on input line 749.


Package hyperref Warning: Token not allowed in a PDF string (Unicode):
(hyperref)                removing `math shift' on input line 749.


Package hyperref Warning: Token not allowed in a PDF string (Unicode):
(hyperref)                removing `math shift' on input line 749.


Package fancyhdr Warning: \headheight is too small (12.0pt): 
(fancyhdr)                Make it at least 13.59999pt, for example:
(fancyhdr)                \setlength{\headheight}{13.59999pt}.
(fancyhdr)                You might also make \topmargin smaller to compensate:
(fancyhdr)                \addtolength{\topmargin}{-1.59999pt}.

[124]

Package fancyhdr Warning: \headheight is too small (12.0pt): 
(fancyhdr)                Make it at least 13.59999pt, for example:
(fancyhdr)                \setlength{\headheight}{13.59999pt}.
(fancyhdr)                You might also make \topmargin smaller to compensate:
(fancyhdr)                \addtolength{\topmargin}{-1.59999pt}.

[125]

Package fancyhdr Warning: \headheight is too small (12.0pt): 
(fancyhdr)                Make it at least 13.59999pt, for example:
(fancyhdr)                \setlength{\headheight}{13.59999pt}.
(fancyhdr)                You might also make \topmargin smaller to compensate:
(fancyhdr)                \addtolength{\topmargin}{-1.59999pt}.

[126]

Package fancyhdr Warning: \headheight is too small (12.0pt): 
(fancyhdr)                Make it at least 13.59999pt, for example:
(fancyhdr)                \setlength{\headheight}{13.59999pt}.
(fancyhdr)                You might also make \topmargin smaller to compensate:
(fancyhdr)                \addtolength{\topmargin}{-1.59999pt}.

[127]

Package fancyhdr Warning: \headheight is too small (12.0pt): 
(fancyhdr)                Make it at least 13.59999pt, for example:
(fancyhdr)                \setlength{\headheight}{13.59999pt}.
(fancyhdr)                You might also make \topmargin smaller to compensate:
(fancyhdr)                \addtolength{\topmargin}{-1.59999pt}.

[128]
Underfull \hbox (badness 10000) in paragraph at lines 1121--1122

 []


Package fancyhdr Warning: \headheight is too small (12.0pt): 
(fancyhdr)                Make it at least 13.59999pt, for example:
(fancyhdr)                \setlength{\headheight}{13.59999pt}.
(fancyhdr)                You might also make \topmargin smaller to compensate:
(fancyhdr)                \addtolength{\topmargin}{-1.59999pt}.

[129]

LaTeX Warning: Reference `SubSubSectionKLExpansion' on page 130 undefined on input line 1177.


LaTeX Warning: Hyper reference `SubSubSectionKLExpansion' on page 130 undefined on input line 1177.


LaTeX Warning: Reference `SubSubSectionKLExpansion' on page 130 undefined on input line 1177.


Package fancyhdr Warning: \headheight is too small (12.0pt): 
(fancyhdr)                Make it at least 13.59999pt, for example:
(fancyhdr)                \setlength{\headheight}{13.59999pt}.
(fancyhdr)                You might also make \topmargin smaller to compensate:
(fancyhdr)                \addtolength{\topmargin}{-1.59999pt}.

[130]

Package fancyhdr Warning: \headheight is too small (12.0pt): 
(fancyhdr)                Make it at least 13.59999pt, for example:
(fancyhdr)                \setlength{\headheight}{13.59999pt}.
(fancyhdr)                You might also make \topmargin smaller to compensate:
(fancyhdr)                \addtolength{\topmargin}{-1.59999pt}.

[131]

Package fancyhdr Warning: \headheight is too small (12.0pt): 
(fancyhdr)                Make it at least 13.59999pt, for example:
(fancyhdr)                \setlength{\headheight}{13.59999pt}.
(fancyhdr)                You might also make \topmargin smaller to compensate:
(fancyhdr)                \addtolength{\topmargin}{-1.59999pt}.

[132]

Package fancyhdr Warning: \headheight is too small (12.0pt): 
(fancyhdr)                Make it at least 13.59999pt, for example:
(fancyhdr)                \setlength{\headheight}{13.59999pt}.
(fancyhdr)                You might also make \topmargin smaller to compensate:
(fancyhdr)                \addtolength{\topmargin}{-1.59999pt}.

[133]
Overfull \hbox (14.72252pt too wide) in paragraph at lines 1479--1480
[]\TU/TimesNewRoman(0)/m/n/10.95 where $\OML/cmm/m/it/10.95 e[]$ \TU/TimesNewRoman(0)/m/n/10.95 is the $\OML/cmm/m/it/10.95 k[]$ \TU/TimesNewRoman(0)/m/n/10.95 eigen vector of $\OT1/cmr/m/n/10.95 ^^F[]^^F[]^^F[]^^F[]^^F[]$\TU/TimesNewRoman(0)/m/n/10.95 , $\OML/cmm/m/it/10.95 f[]$ \TU/TimesNewRoman(0)/m/n/10.95 is the $\OML/cmm/m/it/10.95 k[]$ \TU/TimesNewRoman(0)/m/n/10.95 eigenvector of $\OT1/cmr/m/n/10.95 ^^F[]^^F[]^^F[]^^F[]^^F[]$\TU/TimesNewRoman(0)/m/n/10.95 .
 []


Overfull \hbox (0.17934pt too wide) in paragraph at lines 1504--1505
[]\TU/TimesNewRoman(0)/m/n/10.95 with $\OML/cmm/m/it/10.95 e[]$ \TU/TimesNewRoman(0)/m/n/10.95 is the $\OML/cmm/m/it/10.95 k[]$ \TU/TimesNewRoman(0)/m/n/10.95 eigenvector of $\OML/cmm/m/it/10.95 ^^Z[]\OT1/cmr/m/n/10.95 1[]\OML/cmm/m/it/10.95 ^^Z[]^^Z[]^^Z[]^^Z[]$\TU/TimesNewRoman(0)/m/n/10.95 , $\OML/cmm/m/it/10.95 f[]k\OT1/cmr/m/n/10.95 ]$ \TU/TimesNewRoman(0)/m/n/10.95 is the $\OML/cmm/m/it/10.95 k[]$ \TU/TimesNewRoman(0)/m/n/10.95 eigenvector of $\OML/cmm/m/it/10.95 ^^Z[]^^Z[]^^Z[]^^Z[]^^Z[]$\TU/TimesNewRoman(0)/m/n/10.95 ,
 []


Package fancyhdr Warning: \headheight is too small (12.0pt): 
(fancyhdr)                Make it at least 13.59999pt, for example:
(fancyhdr)                \setlength{\headheight}{13.59999pt}.
(fancyhdr)                You might also make \topmargin smaller to compensate:
(fancyhdr)                \addtolength{\topmargin}{-1.59999pt}.

[134]

Package fancyhdr Warning: \headheight is too small (12.0pt): 
(fancyhdr)                Make it at least 13.59999pt, for example:
(fancyhdr)                \setlength{\headheight}{13.59999pt}.
(fancyhdr)                You might also make \topmargin smaller to compensate:
(fancyhdr)                \addtolength{\topmargin}{-1.59999pt}.

[135]

Package fancyhdr Warning: \headheight is too small (12.0pt): 
(fancyhdr)                Make it at least 13.59999pt, for example:
(fancyhdr)                \setlength{\headheight}{13.59999pt}.
(fancyhdr)                You might also make \topmargin smaller to compensate:
(fancyhdr)                \addtolength{\topmargin}{-1.59999pt}.

[136]
Overfull \hbox (40.70773pt too wide) detected at line 1644
[]
 []


Package fancyhdr Warning: \headheight is too small (12.0pt): 
(fancyhdr)                Make it at least 13.59999pt, for example:
(fancyhdr)                \setlength{\headheight}{13.59999pt}.
(fancyhdr)                You might also make \topmargin smaller to compensate:
(fancyhdr)                \addtolength{\topmargin}{-1.59999pt}.

[137]

Package fancyhdr Warning: \headheight is too small (12.0pt): 
(fancyhdr)                Make it at least 13.59999pt, for example:
(fancyhdr)                \setlength{\headheight}{13.59999pt}.
(fancyhdr)                You might also make \topmargin smaller to compensate:
(fancyhdr)                \addtolength{\topmargin}{-1.59999pt}.

[138]
File: sections/images/Hierarchical Clustering.png Graphic file (type bmp)
<sections/images/Hierarchical Clustering.png>


Package hyperref Warning: Token not allowed in a PDF string (Unicode):
(hyperref)                removing `math shift' on input line 1770.


Package hyperref Warning: Token not allowed in a PDF string (Unicode):
(hyperref)                removing `math shift' on input line 1770.


Package fancyhdr Warning: \headheight is too small (12.0pt): 
(fancyhdr)                Make it at least 13.59999pt, for example:
(fancyhdr)                \setlength{\headheight}{13.59999pt}.
(fancyhdr)                You might also make \topmargin smaller to compensate:
(fancyhdr)                \addtolength{\topmargin}{-1.59999pt}.

[139]

Package fancyhdr Warning: \headheight is too small (12.0pt): 
(fancyhdr)                Make it at least 13.59999pt, for example:
(fancyhdr)                \setlength{\headheight}{13.59999pt}.
(fancyhdr)                You might also make \topmargin smaller to compensate:
(fancyhdr)                \addtolength{\topmargin}{-1.59999pt}.

[140]

Package fancyhdr Warning: \headheight is too small (12.0pt): 
(fancyhdr)                Make it at least 13.59999pt, for example:
(fancyhdr)                \setlength{\headheight}{13.59999pt}.
(fancyhdr)                You might also make \topmargin smaller to compensate:
(fancyhdr)                \addtolength{\topmargin}{-1.59999pt}.

[141]

Package fancyhdr Warning: \headheight is too small (12.0pt): 
(fancyhdr)                Make it at least 13.59999pt, for example:
(fancyhdr)                \setlength{\headheight}{13.59999pt}.
(fancyhdr)                You might also make \topmargin smaller to compensate:
(fancyhdr)                \addtolength{\topmargin}{-1.59999pt}.

[142])

Package fancyhdr Warning: \headheight is too small (12.0pt): 
(fancyhdr)                Make it at least 13.59999pt, for example:
(fancyhdr)                \setlength{\headheight}{13.59999pt}.
(fancyhdr)                You might also make \topmargin smaller to compensate:
(fancyhdr)                \addtolength{\topmargin}{-1.59999pt}.

[143]
\openout2 = `sections/统计计算与软件.aux'.

 (./sections/统计计算与软件.tex
Chapter 5.
[144




]
File: sections/images/ForwardError.png Graphic file (type bmp)
<sections/images/ForwardError.png>


Package fancyhdr Warning: \headheight is too small (12.0pt): 
(fancyhdr)                Make it at least 13.59999pt, for example:
(fancyhdr)                \setlength{\headheight}{13.59999pt}.
(fancyhdr)                You might also make \topmargin smaller to compensate:
(fancyhdr)                \addtolength{\topmargin}{-1.59999pt}.

[145]

Package fancyhdr Warning: \headheight is too small (12.0pt): 
(fancyhdr)                Make it at least 13.59999pt, for example:
(fancyhdr)                \setlength{\headheight}{13.59999pt}.
(fancyhdr)                You might also make \topmargin smaller to compensate:
(fancyhdr)                \addtolength{\topmargin}{-1.59999pt}.

[146]
Overfull \hbox (0.39688pt too wide) in paragraph at lines 193--194
[]\TU/TimesNewRoman(0)/m/n/10.95 For each iteration value $\OML/cmm/m/it/10.95 x[]$\TU/TimesNewRoman(0)/m/n/10.95 , define iteration error as $\OML/cmm/m/it/10.95 "[] \OMS/cmsy/m/n/10.95 ^^Q \OML/cmm/m/it/10.95 x[] \OMS/cmsy/m/n/10.95 ^^@ \OML/cmm/m/it/10.95 x[]$\TU/TimesNewRoman(0)/m/n/10.95 . Then an iteration method $[][] \OML/cmm/m/it/10.95 "[] \OT1/cmr/m/n/10.95 =
 []


Package fancyhdr Warning: \headheight is too small (12.0pt): 
(fancyhdr)                Make it at least 13.59999pt, for example:
(fancyhdr)                \setlength{\headheight}{13.59999pt}.
(fancyhdr)                You might also make \topmargin smaller to compensate:
(fancyhdr)                \addtolength{\topmargin}{-1.59999pt}.

[147]

Package fancyhdr Warning: \headheight is too small (12.0pt): 
(fancyhdr)                Make it at least 13.59999pt, for example:
(fancyhdr)                \setlength{\headheight}{13.59999pt}.
(fancyhdr)                You might also make \topmargin smaller to compensate:
(fancyhdr)                \addtolength{\topmargin}{-1.59999pt}.

[148]

Package fancyhdr Warning: \headheight is too small (12.0pt): 
(fancyhdr)                Make it at least 13.59999pt, for example:
(fancyhdr)                \setlength{\headheight}{13.59999pt}.
(fancyhdr)                You might also make \topmargin smaller to compensate:
(fancyhdr)                \addtolength{\topmargin}{-1.59999pt}.

[149]

Package fancyhdr Warning: \headheight is too small (12.0pt): 
(fancyhdr)                Make it at least 13.59999pt, for example:
(fancyhdr)                \setlength{\headheight}{13.59999pt}.
(fancyhdr)                You might also make \topmargin smaller to compensate:
(fancyhdr)                \addtolength{\topmargin}{-1.59999pt}.

[150]

Package hyperref Warning: Token not allowed in a PDF string (Unicode):
(hyperref)                removing `math shift' on input line 485.


Package hyperref Warning: Token not allowed in a PDF string (Unicode):
(hyperref)                removing `math shift' on input line 485.


Overfull \hbox (6.7618pt too wide) detected at line 538
[]
 []


Package fancyhdr Warning: \headheight is too small (12.0pt): 
(fancyhdr)                Make it at least 13.59999pt, for example:
(fancyhdr)                \setlength{\headheight}{13.59999pt}.
(fancyhdr)                You might also make \topmargin smaller to compensate:
(fancyhdr)                \addtolength{\topmargin}{-1.59999pt}.

[151]

Package fancyhdr Warning: \headheight is too small (12.0pt): 
(fancyhdr)                Make it at least 13.59999pt, for example:
(fancyhdr)                \setlength{\headheight}{13.59999pt}.
(fancyhdr)                You might also make \topmargin smaller to compensate:
(fancyhdr)                \addtolength{\topmargin}{-1.59999pt}.

[152]

Package hyperref Warning: Token not allowed in a PDF string (Unicode):
(hyperref)                removing `math shift' on input line 637.


Package hyperref Warning: Token not allowed in a PDF string (Unicode):
(hyperref)                removing `math shift' on input line 637.


Package fancyhdr Warning: \headheight is too small (12.0pt): 
(fancyhdr)                Make it at least 13.59999pt, for example:
(fancyhdr)                \setlength{\headheight}{13.59999pt}.
(fancyhdr)                You might also make \topmargin smaller to compensate:
(fancyhdr)                \addtolength{\topmargin}{-1.59999pt}.

[153]

Package fancyhdr Warning: \headheight is too small (12.0pt): 
(fancyhdr)                Make it at least 13.59999pt, for example:
(fancyhdr)                \setlength{\headheight}{13.59999pt}.
(fancyhdr)                You might also make \topmargin smaller to compensate:
(fancyhdr)                \addtolength{\topmargin}{-1.59999pt}.

[154]

Package fancyhdr Warning: \headheight is too small (12.0pt): 
(fancyhdr)                Make it at least 13.59999pt, for example:
(fancyhdr)                \setlength{\headheight}{13.59999pt}.
(fancyhdr)                You might also make \topmargin smaller to compensate:
(fancyhdr)                \addtolength{\topmargin}{-1.59999pt}.

[155]

Package fancyhdr Warning: \headheight is too small (12.0pt): 
(fancyhdr)                Make it at least 13.59999pt, for example:
(fancyhdr)                \setlength{\headheight}{13.59999pt}.
(fancyhdr)                You might also make \topmargin smaller to compensate:
(fancyhdr)                \addtolength{\topmargin}{-1.59999pt}.

[156]

Package fancyhdr Warning: \headheight is too small (12.0pt): 
(fancyhdr)                Make it at least 13.59999pt, for example:
(fancyhdr)                \setlength{\headheight}{13.59999pt}.
(fancyhdr)                You might also make \topmargin smaller to compensate:
(fancyhdr)                \addtolength{\topmargin}{-1.59999pt}.

[157]
Overfull \hbox (26.72462pt too wide) in paragraph at lines 1068--1069
[]\TU/TimesNewRoman(0)/m/n/10.95 Clustering: minimizing within-cluster distance & maximizing between-cluster distance, see [][]section 4.7[][][]~[][]page 138[][][] 
 []


Package fancyhdr Warning: \headheight is too small (12.0pt): 
(fancyhdr)                Make it at least 13.59999pt, for example:
(fancyhdr)                \setlength{\headheight}{13.59999pt}.
(fancyhdr)                You might also make \topmargin smaller to compensate:
(fancyhdr)                \addtolength{\topmargin}{-1.59999pt}.

[158]
Underfull \hbox (badness 10000) in paragraph at lines 1098--1099

 []


Package fancyhdr Warning: \headheight is too small (12.0pt): 
(fancyhdr)                Make it at least 13.59999pt, for example:
(fancyhdr)                \setlength{\headheight}{13.59999pt}.
(fancyhdr)                You might also make \topmargin smaller to compensate:
(fancyhdr)                \addtolength{\topmargin}{-1.59999pt}.

[159]

Package fancyhdr Warning: \headheight is too small (12.0pt): 
(fancyhdr)                Make it at least 13.59999pt, for example:
(fancyhdr)                \setlength{\headheight}{13.59999pt}.
(fancyhdr)                You might also make \topmargin smaller to compensate:
(fancyhdr)                \addtolength{\topmargin}{-1.59999pt}.

[160]

Package fancyhdr Warning: \headheight is too small (12.0pt): 
(fancyhdr)                Make it at least 13.59999pt, for example:
(fancyhdr)                \setlength{\headheight}{13.59999pt}.
(fancyhdr)                You might also make \topmargin smaller to compensate:
(fancyhdr)                \addtolength{\topmargin}{-1.59999pt}.

[161]
Overfull \hbox (21.87418pt too wide) in paragraph at lines 1283--1284
[]\TU/TimesNewRoman(0)/m/n/10.95 Problem: rooting univariate function $\OML/cmm/m/it/10.95 f\OT1/cmr/m/n/10.95 (\OML/cmm/m/it/10.95 x\OT1/cmr/m/n/10.95 )$\TU/TimesNewRoman(0)/m/n/10.95 , with a pre--estimated interval $\OML/cmm/m/it/10.95 I[] \OT1/cmr/m/n/10.95 = [\OML/cmm/m/it/10.95 x[]; x[]\OT1/cmr/m/n/10.95 ]$\TU/TimesNewRoman(0)/m/n/10.95 , with $\OML/cmm/m/it/10.95 f\OT1/cmr/m/n/10.95 (\OML/cmm/m/it/10.95 x[]\OT1/cmr/m/n/10.95 )\OML/cmm/m/it/10.95 f\OT1/cmr/m/n/10.95 (\OML/cmm/m/it/10.95 x[]\OT1/cmr/m/n/10.95 ) \OML/cmm/m/it/10.95 <
 []


Package fancyhdr Warning: \headheight is too small (12.0pt): 
(fancyhdr)                Make it at least 13.59999pt, for example:
(fancyhdr)                \setlength{\headheight}{13.59999pt}.
(fancyhdr)                You might also make \topmargin smaller to compensate:
(fancyhdr)                \addtolength{\topmargin}{-1.59999pt}.

[162]

Package fancyhdr Warning: \headheight is too small (12.0pt): 
(fancyhdr)                Make it at least 13.59999pt, for example:
(fancyhdr)                \setlength{\headheight}{13.59999pt}.
(fancyhdr)                You might also make \topmargin smaller to compensate:
(fancyhdr)                \addtolength{\topmargin}{-1.59999pt}.

[163]

Package fancyhdr Warning: \headheight is too small (12.0pt): 
(fancyhdr)                Make it at least 13.59999pt, for example:
(fancyhdr)                \setlength{\headheight}{13.59999pt}.
(fancyhdr)                You might also make \topmargin smaller to compensate:
(fancyhdr)                \addtolength{\topmargin}{-1.59999pt}.

[164]

Package fancyhdr Warning: \headheight is too small (12.0pt): 
(fancyhdr)                Make it at least 13.59999pt, for example:
(fancyhdr)                \setlength{\headheight}{13.59999pt}.
(fancyhdr)                You might also make \topmargin smaller to compensate:
(fancyhdr)                \addtolength{\topmargin}{-1.59999pt}.

[165]

Package fancyhdr Warning: \headheight is too small (12.0pt): 
(fancyhdr)                Make it at least 13.59999pt, for example:
(fancyhdr)                \setlength{\headheight}{13.59999pt}.
(fancyhdr)                You might also make \topmargin smaller to compensate:
(fancyhdr)                \addtolength{\topmargin}{-1.59999pt}.

[166]

Package fancyhdr Warning: \headheight is too small (12.0pt): 
(fancyhdr)                Make it at least 13.59999pt, for example:
(fancyhdr)                \setlength{\headheight}{13.59999pt}.
(fancyhdr)                You might also make \topmargin smaller to compensate:
(fancyhdr)                \addtolength{\topmargin}{-1.59999pt}.

[167]

Package fancyhdr Warning: \headheight is too small (12.0pt): 
(fancyhdr)                Make it at least 13.59999pt, for example:
(fancyhdr)                \setlength{\headheight}{13.59999pt}.
(fancyhdr)                You might also make \topmargin smaller to compensate:
(fancyhdr)                \addtolength{\topmargin}{-1.59999pt}.

[168]
Overfull \hbox (3.48833pt too wide) in paragraph at lines 1767--1768
[][][]\TU/TimesNewRoman(0)/m/n/10.95 Quasi-Newton Method[][]: usually use secant condition to approximate Hessian $[] \OT1/cmr/m/n/10.95 = \OML/cmm/m/it/10.95 M[]$ \TU/TimesNewRoman(0)/m/n/10.95 or $[][] \OT1/cmr/m/n/10.95 =
 []


Package fancyhdr Warning: \headheight is too small (12.0pt): 
(fancyhdr)                Make it at least 13.59999pt, for example:
(fancyhdr)                \setlength{\headheight}{13.59999pt}.
(fancyhdr)                You might also make \topmargin smaller to compensate:
(fancyhdr)                \addtolength{\topmargin}{-1.59999pt}.

[169]

Package fancyhdr Warning: \headheight is too small (12.0pt): 
(fancyhdr)                Make it at least 13.59999pt, for example:
(fancyhdr)                \setlength{\headheight}{13.59999pt}.
(fancyhdr)                You might also make \topmargin smaller to compensate:
(fancyhdr)                \addtolength{\topmargin}{-1.59999pt}.

[170]

Package fancyhdr Warning: \headheight is too small (12.0pt): 
(fancyhdr)                Make it at least 13.59999pt, for example:
(fancyhdr)                \setlength{\headheight}{13.59999pt}.
(fancyhdr)                You might also make \topmargin smaller to compensate:
(fancyhdr)                \addtolength{\topmargin}{-1.59999pt}.

[171]

Package fancyhdr Warning: \headheight is too small (12.0pt): 
(fancyhdr)                Make it at least 13.59999pt, for example:
(fancyhdr)                \setlength{\headheight}{13.59999pt}.
(fancyhdr)                You might also make \topmargin smaller to compensate:
(fancyhdr)                \addtolength{\topmargin}{-1.59999pt}.

[172]

Package fancyhdr Warning: \headheight is too small (12.0pt): 
(fancyhdr)                Make it at least 13.59999pt, for example:
(fancyhdr)                \setlength{\headheight}{13.59999pt}.
(fancyhdr)                You might also make \topmargin smaller to compensate:
(fancyhdr)                \addtolength{\topmargin}{-1.59999pt}.

[173]

Package fancyhdr Warning: \headheight is too small (12.0pt): 
(fancyhdr)                Make it at least 13.59999pt, for example:
(fancyhdr)                \setlength{\headheight}{13.59999pt}.
(fancyhdr)                You might also make \topmargin smaller to compensate:
(fancyhdr)                \addtolength{\topmargin}{-1.59999pt}.

[174]

Package fancyhdr Warning: \headheight is too small (12.0pt): 
(fancyhdr)                Make it at least 13.59999pt, for example:
(fancyhdr)                \setlength{\headheight}{13.59999pt}.
(fancyhdr)                You might also make \topmargin smaller to compensate:
(fancyhdr)                \addtolength{\topmargin}{-1.59999pt}.

[175]

Package fancyhdr Warning: \headheight is too small (12.0pt): 
(fancyhdr)                Make it at least 13.59999pt, for example:
(fancyhdr)                \setlength{\headheight}{13.59999pt}.
(fancyhdr)                You might also make \topmargin smaller to compensate:
(fancyhdr)                \addtolength{\topmargin}{-1.59999pt}.

[176]
Underfull \hbox (badness 10000) in paragraph at lines 2226--2227

 []


Package fancyhdr Warning: \headheight is too small (12.0pt): 
(fancyhdr)                Make it at least 13.59999pt, for example:
(fancyhdr)                \setlength{\headheight}{13.59999pt}.
(fancyhdr)                You might also make \topmargin smaller to compensate:
(fancyhdr)                \addtolength{\topmargin}{-1.59999pt}.

[177]

Package fancyhdr Warning: \headheight is too small (12.0pt): 
(fancyhdr)                Make it at least 13.59999pt, for example:
(fancyhdr)                \setlength{\headheight}{13.59999pt}.
(fancyhdr)                You might also make \topmargin smaller to compensate:
(fancyhdr)                \addtolength{\topmargin}{-1.59999pt}.

[178]

Package fancyhdr Warning: \headheight is too small (12.0pt): 
(fancyhdr)                Make it at least 13.59999pt, for example:
(fancyhdr)                \setlength{\headheight}{13.59999pt}.
(fancyhdr)                You might also make \topmargin smaller to compensate:
(fancyhdr)                \addtolength{\topmargin}{-1.59999pt}.

[179]

Package fancyhdr Warning: \headheight is too small (12.0pt): 
(fancyhdr)                Make it at least 13.59999pt, for example:
(fancyhdr)                \setlength{\headheight}{13.59999pt}.
(fancyhdr)                You might also make \topmargin smaller to compensate:
(fancyhdr)                \addtolength{\topmargin}{-1.59999pt}.

[180]
Underfull \vbox (badness 1755) has occurred while \output is active []



Package fancyhdr Warning: \headheight is too small (12.0pt): 
(fancyhdr)                Make it at least 13.59999pt, for example:
(fancyhdr)                \setlength{\headheight}{13.59999pt}.
(fancyhdr)                You might also make \topmargin smaller to compensate:
(fancyhdr)                \addtolength{\topmargin}{-1.59999pt}.

[181]
Overfull \hbox (5.43224pt too wide) in paragraph at lines 2516--2517
[]\TU/TimesNewRoman(0)/m/n/10.95 Main appication: Probability Generative Model, observed value $\OML/cmm/m/it/10.95 x[]$ \TU/TimesNewRoman(0)/m/n/10.95 is generated from distributon $\OML/cmm/m/it/10.95 f\OT1/cmr/m/n/10.95 (\OML/cmm/m/it/10.95 x\OMS/cmsy/m/n/10.95 j\OML/cmm/m/it/10.95 z[]; ^^R[]; ^^R[]\OT1/cmr/m/n/10.95 )$
 []


Package fancyhdr Warning: \headheight is too small (12.0pt): 
(fancyhdr)                Make it at least 13.59999pt, for example:
(fancyhdr)                \setlength{\headheight}{13.59999pt}.
(fancyhdr)                You might also make \topmargin smaller to compensate:
(fancyhdr)                \addtolength{\topmargin}{-1.59999pt}.

[182]

Package fancyhdr Warning: \headheight is too small (12.0pt): 
(fancyhdr)                Make it at least 13.59999pt, for example:
(fancyhdr)                \setlength{\headheight}{13.59999pt}.
(fancyhdr)                You might also make \topmargin smaller to compensate:
(fancyhdr)                \addtolength{\topmargin}{-1.59999pt}.

[183]
Overfull \hbox (7.14069pt too wide) in paragraph at lines 2589--2590
[]\TU/TimesNewRoman(0)/m/n/10.95 An application of E-M Algorithm is Gaussian Mixture Model for Clustering, detail see [][]section 4.7.3[][][]~[][]page 140[][][]. 
 []


Package fancyhdr Warning: \headheight is too small (12.0pt): 
(fancyhdr)                Make it at least 13.59999pt, for example:
(fancyhdr)                \setlength{\headheight}{13.59999pt}.
(fancyhdr)                You might also make \topmargin smaller to compensate:
(fancyhdr)                \addtolength{\topmargin}{-1.59999pt}.

[184]

Package fancyhdr Warning: \headheight is too small (12.0pt): 
(fancyhdr)                Make it at least 13.59999pt, for example:
(fancyhdr)                \setlength{\headheight}{13.59999pt}.
(fancyhdr)                You might also make \topmargin smaller to compensate:
(fancyhdr)                \addtolength{\topmargin}{-1.59999pt}.

[185]

Package fancyhdr Warning: \headheight is too small (12.0pt): 
(fancyhdr)                Make it at least 13.59999pt, for example:
(fancyhdr)                \setlength{\headheight}{13.59999pt}.
(fancyhdr)                You might also make \topmargin smaller to compensate:
(fancyhdr)                \addtolength{\topmargin}{-1.59999pt}.

[186]

Package fancyhdr Warning: \headheight is too small (12.0pt): 
(fancyhdr)                Make it at least 13.59999pt, for example:
(fancyhdr)                \setlength{\headheight}{13.59999pt}.
(fancyhdr)                You might also make \topmargin smaller to compensate:
(fancyhdr)                \addtolength{\topmargin}{-1.59999pt}.

[187]

Package fancyhdr Warning: \headheight is too small (12.0pt): 
(fancyhdr)                Make it at least 13.59999pt, for example:
(fancyhdr)                \setlength{\headheight}{13.59999pt}.
(fancyhdr)                You might also make \topmargin smaller to compensate:
(fancyhdr)                \addtolength{\topmargin}{-1.59999pt}.

[188]

Package fancyhdr Warning: \headheight is too small (12.0pt): 
(fancyhdr)                Make it at least 13.59999pt, for example:
(fancyhdr)                \setlength{\headheight}{13.59999pt}.
(fancyhdr)                You might also make \topmargin smaller to compensate:
(fancyhdr)                \addtolength{\topmargin}{-1.59999pt}.

[189]

Package fancyhdr Warning: \headheight is too small (12.0pt): 
(fancyhdr)                Make it at least 13.59999pt, for example:
(fancyhdr)                \setlength{\headheight}{13.59999pt}.
(fancyhdr)                You might also make \topmargin smaller to compensate:
(fancyhdr)                \addtolength{\topmargin}{-1.59999pt}.

[190]

Package fancyhdr Warning: \headheight is too small (12.0pt): 
(fancyhdr)                Make it at least 13.59999pt, for example:
(fancyhdr)                \setlength{\headheight}{13.59999pt}.
(fancyhdr)                You might also make \topmargin smaller to compensate:
(fancyhdr)                \addtolength{\topmargin}{-1.59999pt}.

[191]
Overfull \hbox (14.9688pt too wide) in paragraph at lines 3015--3016
[]\TU/TimesNewRoman(0)/m/n/10.95 As a worse case where we only have an unnormalized $[]\OT1/cmr/m/n/10.95 (\OML/cmm/m/it/10.95 x\OT1/cmr/m/n/10.95 )$\TU/TimesNewRoman(0)/m/n/10.95 , with the normalize integration $\OML/cmm/m/it/10.95 f\OT1/cmr/m/n/10.95 (\OML/cmm/m/it/10.95 x\OT1/cmr/m/n/10.95 ) = [] =
 []


Package fancyhdr Warning: \headheight is too small (12.0pt): 
(fancyhdr)                Make it at least 13.59999pt, for example:
(fancyhdr)                \setlength{\headheight}{13.59999pt}.
(fancyhdr)                You might also make \topmargin smaller to compensate:
(fancyhdr)                \addtolength{\topmargin}{-1.59999pt}.

[192])

Package fancyhdr Warning: \headheight is too small (12.0pt): 
(fancyhdr)                Make it at least 13.59999pt, for example:
(fancyhdr)                \setlength{\headheight}{13.59999pt}.
(fancyhdr)                You might also make \topmargin smaller to compensate:
(fancyhdr)                \addtolength{\topmargin}{-1.59999pt}.

[193]
\openout2 = `sections/数据科学导论.aux'.

 (./sections/数据科学导论.tex
Chapter 6.
File: sections/images/RoadToDataScientist1.png Graphic file (type bmp)
<sections/images/RoadToDataScientist1.png>

Underfull \hbox (badness 10000) in paragraph at lines 15--15
[]\TU/SimSun(0)/m/n/10.95 图 \TU/TimesNewRoman(0)/m/n/10.95 6.1: []Road to Data Scientist, [][]$[][][][] [] [] [] [][][][][][][][][] [] [][][] [] [][][][][][][][] [] [][][][] [] [][] [] [][] []
 []


Underfull \hbox (badness 10000) in paragraph at lines 15--15
[][][][][][][][][][][][][][][][][][][][][][][][][][][][][]$[][]\TU/TimesNewRoman(0)/m/n/10.95 . More tutorial see [][]$[][][][][] [] [] [] [][][][][][] [] [][][] [] [][][][][][][] []
 []


Underfull \vbox (badness 1122) has occurred while \output is active []

 [194




]

Package fancyhdr Warning: \headheight is too small (12.0pt): 
(fancyhdr)                Make it at least 13.59999pt, for example:
(fancyhdr)                \setlength{\headheight}{13.59999pt}.
(fancyhdr)                You might also make \topmargin smaller to compensate:
(fancyhdr)                \addtolength{\topmargin}{-1.59999pt}.

[195]

Package fancyhdr Warning: \headheight is too small (12.0pt): 
(fancyhdr)                Make it at least 13.59999pt, for example:
(fancyhdr)                \setlength{\headheight}{13.59999pt}.
(fancyhdr)                You might also make \topmargin smaller to compensate:
(fancyhdr)                \addtolength{\topmargin}{-1.59999pt}.

[196]
Underfull \hbox (badness 1762) in paragraph at lines 196--196
[]$[]$ \TU/TimesNewRoman(0)/m/n/10.95 Consider using vectorized opertion when writing code for \TU/TimesNewRoman(0)/b/n/10.95 Speed\TU/TimesNewRoman(0)/m/n/10.95 ! Detail see [][]sec-
 []


Overfull \hbox (11.73691pt too wide) in paragraph at lines 210--211
[]\TU/TimesNewRoman(0)/m/n/10.95 Initilaization: [][][][][][][][][][][][][][][][][][][][][][][][][][][][][][][][][][][][][][][][][][][][][][][][][][][][][][][][][][][][][][][][][][]. Default []
 []


Package fancyhdr Warning: \headheight is too small (12.0pt): 
(fancyhdr)                Make it at least 13.59999pt, for example:
(fancyhdr)                \setlength{\headheight}{13.59999pt}.
(fancyhdr)                You might also make \topmargin smaller to compensate:
(fancyhdr)                \addtolength{\topmargin}{-1.59999pt}.

[197]

Package fancyhdr Warning: \headheight is too small (12.0pt): 
(fancyhdr)                Make it at least 13.59999pt, for example:
(fancyhdr)                \setlength{\headheight}{13.59999pt}.
(fancyhdr)                You might also make \topmargin smaller to compensate:
(fancyhdr)                \addtolength{\topmargin}{-1.59999pt}.

[198]

Package fancyhdr Warning: \headheight is too small (12.0pt): 
(fancyhdr)                Make it at least 13.59999pt, for example:
(fancyhdr)                \setlength{\headheight}{13.59999pt}.
(fancyhdr)                You might also make \topmargin smaller to compensate:
(fancyhdr)                \addtolength{\topmargin}{-1.59999pt}.

[199]

Package fancyhdr Warning: \headheight is too small (12.0pt): 
(fancyhdr)                Make it at least 13.59999pt, for example:
(fancyhdr)                \setlength{\headheight}{13.59999pt}.
(fancyhdr)                You might also make \topmargin smaller to compensate:
(fancyhdr)                \addtolength{\topmargin}{-1.59999pt}.

[200]

Package fancyhdr Warning: \headheight is too small (12.0pt): 
(fancyhdr)                Make it at least 13.59999pt, for example:
(fancyhdr)                \setlength{\headheight}{13.59999pt}.
(fancyhdr)                You might also make \topmargin smaller to compensate:
(fancyhdr)                \addtolength{\topmargin}{-1.59999pt}.

[201]

Package fancyhdr Warning: \headheight is too small (12.0pt): 
(fancyhdr)                Make it at least 13.59999pt, for example:
(fancyhdr)                \setlength{\headheight}{13.59999pt}.
(fancyhdr)                You might also make \topmargin smaller to compensate:
(fancyhdr)                \addtolength{\topmargin}{-1.59999pt}.

[202]
Overfull \hbox (13.41185pt too wide) in paragraph at lines 513--514
[][][][][][][][][][][]\TU/TimesNewRoman(0)/m/n/10.95 , append new columns according to [][][][] definition; [][][][][][] drops original columns. 
 []


Underfull \vbox (badness 10000) has occurred while \output is active []



Package fancyhdr Warning: \headheight is too small (12.0pt): 
(fancyhdr)                Make it at least 13.59999pt, for example:
(fancyhdr)                \setlength{\headheight}{13.59999pt}.
(fancyhdr)                You might also make \topmargin smaller to compensate:
(fancyhdr)                \addtolength{\topmargin}{-1.59999pt}.

[203]

Package fancyhdr Warning: \headheight is too small (12.0pt): 
(fancyhdr)                Make it at least 13.59999pt, for example:
(fancyhdr)                \setlength{\headheight}{13.59999pt}.
(fancyhdr)                You might also make \topmargin smaller to compensate:
(fancyhdr)                \addtolength{\topmargin}{-1.59999pt}.

[204]
Overfull \hbox (0.94751pt too wide) in paragraph at lines 621--622
[][][][][][][][][][][][][][][][][][][][][][][][][][][][][][][][][][][][][][][][][][][][][][][][][][][][][]\TU/TimesNewRoman(0)/m/n/10.95 , search for elements with [][][][] pattern: [][][][][]
 []


Overfull \hbox (8.32121pt too wide) in paragraph at lines 623--626
[][][][][][][][][][][][][][][][][][][][][][][][][][][][][][][][][][][][][][][][][][][][][][][][][][][][][][][][][][][][][][][][][][][][][] [][][][][][][][][][][][][][] \TU/TimesNewRoman(0)/m/n/10.95 returns log-
 []


Overfull \hbox (13.4697pt too wide) in paragraph at lines 649--650
[]\TU/TimesNewRoman(0)/m/n/10.95 Note: when typing regex in programming language, sometimes use [][][][]: [][][][] $[]$ [][][][] $[]$
 []


Package fancyhdr Warning: \headheight is too small (12.0pt): 
(fancyhdr)                Make it at least 13.59999pt, for example:
(fancyhdr)                \setlength{\headheight}{13.59999pt}.
(fancyhdr)                You might also make \topmargin smaller to compensate:
(fancyhdr)                \addtolength{\topmargin}{-1.59999pt}.

[205]

Package fancyhdr Warning: \headheight is too small (12.0pt): 
(fancyhdr)                Make it at least 13.59999pt, for example:
(fancyhdr)                \setlength{\headheight}{13.59999pt}.
(fancyhdr)                You might also make \topmargin smaller to compensate:
(fancyhdr)                \addtolength{\topmargin}{-1.59999pt}.

[206] (g:/texlive/2023/texmf-dist/tex/latex/listings/lstlang1.sty
File: lstlang1.sty 2023/02/27 1.9 listings language file
) (g:/texlive/2023/texmf-dist/tex/latex/listings/lstmisc.sty
File: lstmisc.sty 2023/02/27 1.9 (Carsten Heinz)
)

Package fancyhdr Warning: \headheight is too small (12.0pt): 
(fancyhdr)                Make it at least 13.59999pt, for example:
(fancyhdr)                \setlength{\headheight}{13.59999pt}.
(fancyhdr)                You might also make \topmargin smaller to compensate:
(fancyhdr)                \addtolength{\topmargin}{-1.59999pt}.

[207]
Overfull \hbox (5.87001pt too wide) in paragraph at lines 802--803
[]\TU/TimesNewRoman(0)/m/n/10.95 adding L[]T[]Xexpression as text: use [][][][][][][][][][][][][][][][][][][][][][][][], use [][][]
 []

File: sections/images/2022-08-18-11-24-35.png Graphic file (type bmp)
<sections/images/2022-08-18-11-24-35.png>
Missing character: There is no ❄ (U+2744) in font [lmmono10-regular]:!
File: sections/images/2022-08-18-11-14-15.png Graphic file (type bmp)
<sections/images/2022-08-18-11-14-15.png>

Package fancyhdr Warning: \headheight is too small (12.0pt): 
(fancyhdr)                Make it at least 13.59999pt, for example:
(fancyhdr)                \setlength{\headheight}{13.59999pt}.
(fancyhdr)                You might also make \topmargin smaller to compensate:
(fancyhdr)                \addtolength{\topmargin}{-1.59999pt}.

[208]
File: sections/images/2022-08-18-11-15-34.png Graphic file (type bmp)
<sections/images/2022-08-18-11-15-34.png>


Package fancyhdr Warning: \headheight is too small (12.0pt): 
(fancyhdr)                Make it at least 13.59999pt, for example:
(fancyhdr)                \setlength{\headheight}{13.59999pt}.
(fancyhdr)                You might also make \topmargin smaller to compensate:
(fancyhdr)                \addtolength{\topmargin}{-1.59999pt}.

[209]
Overfull \hbox (48.95033pt too wide) in paragraph at lines 882--883
[][][][][][][][][][][][][][][][][][][] \TU/TimesNewRoman(0)/m/n/10.95 to specify rotation of ticks, value taken in [][][][][][][][][][][][][][][][][][][][][][][][][][][][][][][][][][][][][][][][][][][][]
 []


Overfull \hbox (32.14532pt too wide) in paragraph at lines 891--892
[][][][][][][][][][][] \TU/TimesNewRoman(0)/m/n/10.95 position of legend, value taken in [][][][][][][][][][][][][][][][][][][][][][][][][][][][][][][][][][][][][][][][][][][][][][][][][][][][][][][][][][][][][][][][][][][][][][][][][][][][]
 []


Package fancyhdr Warning: \headheight is too small (12.0pt): 
(fancyhdr)                Make it at least 13.59999pt, for example:
(fancyhdr)                \setlength{\headheight}{13.59999pt}.
(fancyhdr)                You might also make \topmargin smaller to compensate:
(fancyhdr)                \addtolength{\topmargin}{-1.59999pt}.

[210]

Package fancyhdr Warning: \headheight is too small (12.0pt): 
(fancyhdr)                Make it at least 13.59999pt, for example:
(fancyhdr)                \setlength{\headheight}{13.59999pt}.
(fancyhdr)                You might also make \topmargin smaller to compensate:
(fancyhdr)                \addtolength{\topmargin}{-1.59999pt}.

[211]
Underfull \hbox (badness 10000) in paragraph at lines 985--985
[]|[][][][][][] \TU/TimesNewRoman(0)/m/n/10.95 Func-
 []


Underfull \hbox (badness 10000) in paragraph at lines 985--985
[]|[][][][][][]
 []


Underfull \hbox (badness 10000) in paragraph at lines 985--985
[]|[][][][][][]
 []


Underfull \hbox (badness 10000) in paragraph at lines 985--985
[]|[][][]
 []


Underfull \hbox (badness 10000) in paragraph at lines 985--985
[]|[][][][][][][][][][][][][][][][][][][][][][][][][][][][][][][]
 []


Package fancyhdr Warning: \headheight is too small (12.0pt): 
(fancyhdr)                Make it at least 13.59999pt, for example:
(fancyhdr)                \setlength{\headheight}{13.59999pt}.
(fancyhdr)                You might also make \topmargin smaller to compensate:
(fancyhdr)                \addtolength{\topmargin}{-1.59999pt}.

[212]
Overfull \hbox (4.08704pt too wide) in paragraph at lines 997--998
[]\TU/TimesNewRoman(0)/m/n/10.95 There are some pre-defined theme: [][][][][][][][][][][][][][][][][][][][][][][][][][][][][][][][][][][][][][][][][][][]
 []


Overfull \hbox (3.49634pt too wide) in paragraph at lines 1010--1011
[][][][][][][][][][][][][][][][][][][][][][][][][][][][][][][][][][][][][][][][][][][][][][][][][][][][][][][][][][][][][][][][][][][][][][][][][] \TU/TimesNewRoman(0)/m/n/10.95 adjust figure back-
 []

)

Package fancyhdr Warning: \headheight is too small (12.0pt): 
(fancyhdr)                Make it at least 13.59999pt, for example:
(fancyhdr)                \setlength{\headheight}{13.59999pt}.
(fancyhdr)                You might also make \topmargin smaller to compensate:
(fancyhdr)                \addtolength{\topmargin}{-1.59999pt}.

[213]
\openout2 = `sections/可靠性数据与生存分析.aux'.

 (./sections/可靠性数据与生存分析.tex
Chapter 7.
[214




]
Underfull \vbox (badness 1466) has occurred while \output is active []



Package fancyhdr Warning: \headheight is too small (12.0pt): 
(fancyhdr)                Make it at least 13.59999pt, for example:
(fancyhdr)                \setlength{\headheight}{13.59999pt}.
(fancyhdr)                You might also make \topmargin smaller to compensate:
(fancyhdr)                \addtolength{\topmargin}{-1.59999pt}.

[215]

Package fancyhdr Warning: \headheight is too small (12.0pt): 
(fancyhdr)                Make it at least 13.59999pt, for example:
(fancyhdr)                \setlength{\headheight}{13.59999pt}.
(fancyhdr)                You might also make \topmargin smaller to compensate:
(fancyhdr)                \addtolength{\topmargin}{-1.59999pt}.

[216]

Package fancyhdr Warning: \headheight is too small (12.0pt): 
(fancyhdr)                Make it at least 13.59999pt, for example:
(fancyhdr)                \setlength{\headheight}{13.59999pt}.
(fancyhdr)                You might also make \topmargin smaller to compensate:
(fancyhdr)                \addtolength{\topmargin}{-1.59999pt}.

[217]
Underfull \vbox (badness 2027) has occurred while \output is active []



Package fancyhdr Warning: \headheight is too small (12.0pt): 
(fancyhdr)                Make it at least 13.59999pt, for example:
(fancyhdr)                \setlength{\headheight}{13.59999pt}.
(fancyhdr)                You might also make \topmargin smaller to compensate:
(fancyhdr)                \addtolength{\topmargin}{-1.59999pt}.

[218]

Package fancyhdr Warning: \headheight is too small (12.0pt): 
(fancyhdr)                Make it at least 13.59999pt, for example:
(fancyhdr)                \setlength{\headheight}{13.59999pt}.
(fancyhdr)                You might also make \topmargin smaller to compensate:
(fancyhdr)                \addtolength{\topmargin}{-1.59999pt}.

[219]

Package fancyhdr Warning: \headheight is too small (12.0pt): 
(fancyhdr)                Make it at least 13.59999pt, for example:
(fancyhdr)                \setlength{\headheight}{13.59999pt}.
(fancyhdr)                You might also make \topmargin smaller to compensate:
(fancyhdr)                \addtolength{\topmargin}{-1.59999pt}.

[220]

Package fancyhdr Warning: \headheight is too small (12.0pt): 
(fancyhdr)                Make it at least 13.59999pt, for example:
(fancyhdr)                \setlength{\headheight}{13.59999pt}.
(fancyhdr)                You might also make \topmargin smaller to compensate:
(fancyhdr)                \addtolength{\topmargin}{-1.59999pt}.

[221]

Package fancyhdr Warning: \headheight is too small (12.0pt): 
(fancyhdr)                Make it at least 13.59999pt, for example:
(fancyhdr)                \setlength{\headheight}{13.59999pt}.
(fancyhdr)                You might also make \topmargin smaller to compensate:
(fancyhdr)                \addtolength{\topmargin}{-1.59999pt}.

[222]

Package fancyhdr Warning: \headheight is too small (12.0pt): 
(fancyhdr)                Make it at least 13.59999pt, for example:
(fancyhdr)                \setlength{\headheight}{13.59999pt}.
(fancyhdr)                You might also make \topmargin smaller to compensate:
(fancyhdr)                \addtolength{\topmargin}{-1.59999pt}.

[223]
Overfull \hbox (43.926pt too wide) in paragraph at lines 586--587
[]\TU/TimesNewRoman(0)/m/n/10.95 Wilcoxon Two-Sample Rank Sum Test: Knowledge of Wilcoxon two-sample rank sum test see [][][]section 2.4.6[][][]~[][]page 65[][][].
 []


Package fancyhdr Warning: \headheight is too small (12.0pt): 
(fancyhdr)                Make it at least 13.59999pt, for example:
(fancyhdr)                \setlength{\headheight}{13.59999pt}.
(fancyhdr)                You might also make \topmargin smaller to compensate:
(fancyhdr)                \addtolength{\topmargin}{-1.59999pt}.

[224]

Package fancyhdr Warning: \headheight is too small (12.0pt): 
(fancyhdr)                Make it at least 13.59999pt, for example:
(fancyhdr)                \setlength{\headheight}{13.59999pt}.
(fancyhdr)                You might also make \topmargin smaller to compensate:
(fancyhdr)                \addtolength{\topmargin}{-1.59999pt}.

[225]

Package fancyhdr Warning: \headheight is too small (12.0pt): 
(fancyhdr)                Make it at least 13.59999pt, for example:
(fancyhdr)                \setlength{\headheight}{13.59999pt}.
(fancyhdr)                You might also make \topmargin smaller to compensate:
(fancyhdr)                \addtolength{\topmargin}{-1.59999pt}.

[226]
Underfull \vbox (badness 10000) has occurred while \output is active []



Package fancyhdr Warning: \headheight is too small (12.0pt): 
(fancyhdr)                Make it at least 13.59999pt, for example:
(fancyhdr)                \setlength{\headheight}{13.59999pt}.
(fancyhdr)                You might also make \topmargin smaller to compensate:
(fancyhdr)                \addtolength{\topmargin}{-1.59999pt}.

[227]

Package fancyhdr Warning: \headheight is too small (12.0pt): 
(fancyhdr)                Make it at least 13.59999pt, for example:
(fancyhdr)                \setlength{\headheight}{13.59999pt}.
(fancyhdr)                You might also make \topmargin smaller to compensate:
(fancyhdr)                \addtolength{\topmargin}{-1.59999pt}.

[228]

Package fancyhdr Warning: \headheight is too small (12.0pt): 
(fancyhdr)                Make it at least 13.59999pt, for example:
(fancyhdr)                \setlength{\headheight}{13.59999pt}.
(fancyhdr)                You might also make \topmargin smaller to compensate:
(fancyhdr)                \addtolength{\topmargin}{-1.59999pt}.

[229]

Package fancyhdr Warning: \headheight is too small (12.0pt): 
(fancyhdr)                Make it at least 13.59999pt, for example:
(fancyhdr)                \setlength{\headheight}{13.59999pt}.
(fancyhdr)                You might also make \topmargin smaller to compensate:
(fancyhdr)                \addtolength{\topmargin}{-1.59999pt}.

[230]
File: sections/images/2022-08-19-10-03-10.png Graphic file (type bmp)
<sections/images/2022-08-19-10-03-10.png>
)

Package fancyhdr Warning: \headheight is too small (12.0pt): 
(fancyhdr)                Make it at least 13.59999pt, for example:
(fancyhdr)                \setlength{\headheight}{13.59999pt}.
(fancyhdr)                You might also make \topmargin smaller to compensate:
(fancyhdr)                \addtolength{\topmargin}{-1.59999pt}.

[231]
\openout2 = `sections/生物统计学概论.aux'.

 (./sections/生物统计学概论.tex
Chapter 8.

Underfull \vbox (badness 10000) has occurred while \output is active []

 [232




]

Package fancyhdr Warning: \headheight is too small (12.0pt): 
(fancyhdr)                Make it at least 13.59999pt, for example:
(fancyhdr)                \setlength{\headheight}{13.59999pt}.
(fancyhdr)                You might also make \topmargin smaller to compensate:
(fancyhdr)                \addtolength{\topmargin}{-1.59999pt}.

[233]

Package fancyhdr Warning: \headheight is too small (12.0pt): 
(fancyhdr)                Make it at least 13.59999pt, for example:
(fancyhdr)                \setlength{\headheight}{13.59999pt}.
(fancyhdr)                You might also make \topmargin smaller to compensate:
(fancyhdr)                \addtolength{\topmargin}{-1.59999pt}.

[234]

Package fancyhdr Warning: \headheight is too small (12.0pt): 
(fancyhdr)                Make it at least 13.59999pt, for example:
(fancyhdr)                \setlength{\headheight}{13.59999pt}.
(fancyhdr)                You might also make \topmargin smaller to compensate:
(fancyhdr)                \addtolength{\topmargin}{-1.59999pt}.

[235]

Package fancyhdr Warning: \headheight is too small (12.0pt): 
(fancyhdr)                Make it at least 13.59999pt, for example:
(fancyhdr)                \setlength{\headheight}{13.59999pt}.
(fancyhdr)                You might also make \topmargin smaller to compensate:
(fancyhdr)                \addtolength{\topmargin}{-1.59999pt}.

[236]
Underfull \vbox (badness 10000) has occurred while \output is active []



Package fancyhdr Warning: \headheight is too small (12.0pt): 
(fancyhdr)                Make it at least 13.59999pt, for example:
(fancyhdr)                \setlength{\headheight}{13.59999pt}.
(fancyhdr)                You might also make \topmargin smaller to compensate:
(fancyhdr)                \addtolength{\topmargin}{-1.59999pt}.

[237]

Package fancyhdr Warning: \headheight is too small (12.0pt): 
(fancyhdr)                Make it at least 13.59999pt, for example:
(fancyhdr)                \setlength{\headheight}{13.59999pt}.
(fancyhdr)                You might also make \topmargin smaller to compensate:
(fancyhdr)                \addtolength{\topmargin}{-1.59999pt}.

[238]

Package fancyhdr Warning: \headheight is too small (12.0pt): 
(fancyhdr)                Make it at least 13.59999pt, for example:
(fancyhdr)                \setlength{\headheight}{13.59999pt}.
(fancyhdr)                You might also make \topmargin smaller to compensate:
(fancyhdr)                \addtolength{\topmargin}{-1.59999pt}.

[239]

Package fancyhdr Warning: \headheight is too small (12.0pt): 
(fancyhdr)                Make it at least 13.59999pt, for example:
(fancyhdr)                \setlength{\headheight}{13.59999pt}.
(fancyhdr)                You might also make \topmargin smaller to compensate:
(fancyhdr)                \addtolength{\topmargin}{-1.59999pt}.

[240]

Package fancyhdr Warning: \headheight is too small (12.0pt): 
(fancyhdr)                Make it at least 13.59999pt, for example:
(fancyhdr)                \setlength{\headheight}{13.59999pt}.
(fancyhdr)                You might also make \topmargin smaller to compensate:
(fancyhdr)                \addtolength{\topmargin}{-1.59999pt}.

[241])

Package fancyhdr Warning: \headheight is too small (12.0pt): 
(fancyhdr)                Make it at least 13.59999pt, for example:
(fancyhdr)                \setlength{\headheight}{13.59999pt}.
(fancyhdr)                You might also make \topmargin smaller to compensate:
(fancyhdr)                \addtolength{\topmargin}{-1.59999pt}.

[242]
\openout2 = `sections/统计学习导论.aux'.

 (./sections/统计学习导论.tex
Chapter 9.
[243




]
Overfull \hbox (16.68726pt too wide) in paragraph at lines 76--77
[]\TU/TimesNewRoman(0)/m/n/10.95 LSE estimator (where $\OML/cmm/m/it/10.95 Y$ \TU/TimesNewRoman(0)/m/n/10.95 and $\OML/cmm/m/it/10.95 X$ \TU/TimesNewRoman(0)/m/n/10.95 imply corresponding sample vector/matrix), more detail see [][]section 3.3[][][]~[][]page 81[][][]: 
 []


Package fancyhdr Warning: \headheight is too small (12.0pt): 
(fancyhdr)                Make it at least 13.59999pt, for example:
(fancyhdr)                \setlength{\headheight}{13.59999pt}.
(fancyhdr)                You might also make \topmargin smaller to compensate:
(fancyhdr)                \addtolength{\topmargin}{-1.59999pt}.

[244]

Package fancyhdr Warning: \headheight is too small (12.0pt): 
(fancyhdr)                Make it at least 13.59999pt, for example:
(fancyhdr)                \setlength{\headheight}{13.59999pt}.
(fancyhdr)                You might also make \topmargin smaller to compensate:
(fancyhdr)                \addtolength{\topmargin}{-1.59999pt}.

[245]

Package fancyhdr Warning: \headheight is too small (12.0pt): 
(fancyhdr)                Make it at least 13.59999pt, for example:
(fancyhdr)                \setlength{\headheight}{13.59999pt}.
(fancyhdr)                You might also make \topmargin smaller to compensate:
(fancyhdr)                \addtolength{\topmargin}{-1.59999pt}.

[246]

Package fancyhdr Warning: \headheight is too small (12.0pt): 
(fancyhdr)                Make it at least 13.59999pt, for example:
(fancyhdr)                \setlength{\headheight}{13.59999pt}.
(fancyhdr)                You might also make \topmargin smaller to compensate:
(fancyhdr)                \addtolength{\topmargin}{-1.59999pt}.

[247]

Package fancyhdr Warning: \headheight is too small (12.0pt): 
(fancyhdr)                Make it at least 13.59999pt, for example:
(fancyhdr)                \setlength{\headheight}{13.59999pt}.
(fancyhdr)                You might also make \topmargin smaller to compensate:
(fancyhdr)                \addtolength{\topmargin}{-1.59999pt}.

[248]

Package hyperref Warning: Token not allowed in a PDF string (Unicode):
(hyperref)                removing `math shift' on input line 326.


Package hyperref Warning: Token not allowed in a PDF string (Unicode):
(hyperref)                removing `math shift' on input line 326.


Package fancyhdr Warning: \headheight is too small (12.0pt): 
(fancyhdr)                Make it at least 13.59999pt, for example:
(fancyhdr)                \setlength{\headheight}{13.59999pt}.
(fancyhdr)                You might also make \topmargin smaller to compensate:
(fancyhdr)                \addtolength{\topmargin}{-1.59999pt}.

[249]

Package fancyhdr Warning: \headheight is too small (12.0pt): 
(fancyhdr)                Make it at least 13.59999pt, for example:
(fancyhdr)                \setlength{\headheight}{13.59999pt}.
(fancyhdr)                You might also make \topmargin smaller to compensate:
(fancyhdr)                \addtolength{\topmargin}{-1.59999pt}.

[250]
Overfull \hbox (0.20447pt too wide) detected at line 422
[]
 []


Package fancyhdr Warning: \headheight is too small (12.0pt): 
(fancyhdr)                Make it at least 13.59999pt, for example:
(fancyhdr)                \setlength{\headheight}{13.59999pt}.
(fancyhdr)                You might also make \topmargin smaller to compensate:
(fancyhdr)                \addtolength{\topmargin}{-1.59999pt}.

[251]
File: sections/images/SVM.png Graphic file (type bmp)
<sections/images/SVM.png>

Underfull \vbox (badness 2951) has occurred while \output is active []



Package fancyhdr Warning: \headheight is too small (12.0pt): 
(fancyhdr)                Make it at least 13.59999pt, for example:
(fancyhdr)                \setlength{\headheight}{13.59999pt}.
(fancyhdr)                You might also make \topmargin smaller to compensate:
(fancyhdr)                \addtolength{\topmargin}{-1.59999pt}.

[252]

Package fancyhdr Warning: \headheight is too small (12.0pt): 
(fancyhdr)                Make it at least 13.59999pt, for example:
(fancyhdr)                \setlength{\headheight}{13.59999pt}.
(fancyhdr)                You might also make \topmargin smaller to compensate:
(fancyhdr)                \addtolength{\topmargin}{-1.59999pt}.

[253]

Package fancyhdr Warning: \headheight is too small (12.0pt): 
(fancyhdr)                Make it at least 13.59999pt, for example:
(fancyhdr)                \setlength{\headheight}{13.59999pt}.
(fancyhdr)                You might also make \topmargin smaller to compensate:
(fancyhdr)                \addtolength{\topmargin}{-1.59999pt}.

[254]

Package fancyhdr Warning: \headheight is too small (12.0pt): 
(fancyhdr)                Make it at least 13.59999pt, for example:
(fancyhdr)                \setlength{\headheight}{13.59999pt}.
(fancyhdr)                You might also make \topmargin smaller to compensate:
(fancyhdr)                \addtolength{\topmargin}{-1.59999pt}.

[255]

Package fancyhdr Warning: \headheight is too small (12.0pt): 
(fancyhdr)                Make it at least 13.59999pt, for example:
(fancyhdr)                \setlength{\headheight}{13.59999pt}.
(fancyhdr)                You might also make \topmargin smaller to compensate:
(fancyhdr)                \addtolength{\topmargin}{-1.59999pt}.

[256]

Package fancyhdr Warning: \headheight is too small (12.0pt): 
(fancyhdr)                Make it at least 13.59999pt, for example:
(fancyhdr)                \setlength{\headheight}{13.59999pt}.
(fancyhdr)                You might also make \topmargin smaller to compensate:
(fancyhdr)                \addtolength{\topmargin}{-1.59999pt}.

[257]

Package fancyhdr Warning: \headheight is too small (12.0pt): 
(fancyhdr)                Make it at least 13.59999pt, for example:
(fancyhdr)                \setlength{\headheight}{13.59999pt}.
(fancyhdr)                You might also make \topmargin smaller to compensate:
(fancyhdr)                \addtolength{\topmargin}{-1.59999pt}.

[258]

Package fancyhdr Warning: \headheight is too small (12.0pt): 
(fancyhdr)                Make it at least 13.59999pt, for example:
(fancyhdr)                \setlength{\headheight}{13.59999pt}.
(fancyhdr)                You might also make \topmargin smaller to compensate:
(fancyhdr)                \addtolength{\topmargin}{-1.59999pt}.

[259]

Package fancyhdr Warning: \headheight is too small (12.0pt): 
(fancyhdr)                Make it at least 13.59999pt, for example:
(fancyhdr)                \setlength{\headheight}{13.59999pt}.
(fancyhdr)                You might also make \topmargin smaller to compensate:
(fancyhdr)                \addtolength{\topmargin}{-1.59999pt}.

[260]

Package fancyhdr Warning: \headheight is too small (12.0pt): 
(fancyhdr)                Make it at least 13.59999pt, for example:
(fancyhdr)                \setlength{\headheight}{13.59999pt}.
(fancyhdr)                You might also make \topmargin smaller to compensate:
(fancyhdr)                \addtolength{\topmargin}{-1.59999pt}.

[261]
File: sections/images/tree.png Graphic file (type bmp)
<sections/images/tree.png>

Underfull \vbox (badness 3646) has occurred while \output is active []



Package fancyhdr Warning: \headheight is too small (12.0pt): 
(fancyhdr)                Make it at least 13.59999pt, for example:
(fancyhdr)                \setlength{\headheight}{13.59999pt}.
(fancyhdr)                You might also make \topmargin smaller to compensate:
(fancyhdr)                \addtolength{\topmargin}{-1.59999pt}.

[262]

Package fancyhdr Warning: \headheight is too small (12.0pt): 
(fancyhdr)                Make it at least 13.59999pt, for example:
(fancyhdr)                \setlength{\headheight}{13.59999pt}.
(fancyhdr)                You might also make \topmargin smaller to compensate:
(fancyhdr)                \addtolength{\topmargin}{-1.59999pt}.

[263]

Package fancyhdr Warning: \headheight is too small (12.0pt): 
(fancyhdr)                Make it at least 13.59999pt, for example:
(fancyhdr)                \setlength{\headheight}{13.59999pt}.
(fancyhdr)                You might also make \topmargin smaller to compensate:
(fancyhdr)                \addtolength{\topmargin}{-1.59999pt}.

[264]
Missing character: There is no ; ("3B) in font nullfont!
Missing character: There is no ; ("3B) in font nullfont!
Missing character: There is no ; ("3B) in font nullfont!

Underfull \vbox (badness 3460) has occurred while \output is active []



Package fancyhdr Warning: \headheight is too small (12.0pt): 
(fancyhdr)                Make it at least 13.59999pt, for example:
(fancyhdr)                \setlength{\headheight}{13.59999pt}.
(fancyhdr)                You might also make \topmargin smaller to compensate:
(fancyhdr)                \addtolength{\topmargin}{-1.59999pt}.

[265])

Package fancyhdr Warning: \headheight is too small (12.0pt): 
(fancyhdr)                Make it at least 13.59999pt, for example:
(fancyhdr)                \setlength{\headheight}{13.59999pt}.
(fancyhdr)                You might also make \topmargin smaller to compensate:
(fancyhdr)                \addtolength{\topmargin}{-1.59999pt}.

[266]
\openout2 = `sections/应用时间序列分析.aux'.

 (./sections/应用时间序列分析.tex
Chapter 10.
[267




]

Package fancyhdr Warning: \headheight is too small (12.0pt): 
(fancyhdr)                Make it at least 13.59999pt, for example:
(fancyhdr)                \setlength{\headheight}{13.59999pt}.
(fancyhdr)                You might also make \topmargin smaller to compensate:
(fancyhdr)                \addtolength{\topmargin}{-1.59999pt}.

[268]

Package fancyhdr Warning: \headheight is too small (12.0pt): 
(fancyhdr)                Make it at least 13.59999pt, for example:
(fancyhdr)                \setlength{\headheight}{13.59999pt}.
(fancyhdr)                You might also make \topmargin smaller to compensate:
(fancyhdr)                \addtolength{\topmargin}{-1.59999pt}.

[269]

Package fancyhdr Warning: \headheight is too small (12.0pt): 
(fancyhdr)                Make it at least 13.59999pt, for example:
(fancyhdr)                \setlength{\headheight}{13.59999pt}.
(fancyhdr)                You might also make \topmargin smaller to compensate:
(fancyhdr)                \addtolength{\topmargin}{-1.59999pt}.

[270]

Package fancyhdr Warning: \headheight is too small (12.0pt): 
(fancyhdr)                Make it at least 13.59999pt, for example:
(fancyhdr)                \setlength{\headheight}{13.59999pt}.
(fancyhdr)                You might also make \topmargin smaller to compensate:
(fancyhdr)                \addtolength{\topmargin}{-1.59999pt}.

[271]

Package fancyhdr Warning: \headheight is too small (12.0pt): 
(fancyhdr)                Make it at least 13.59999pt, for example:
(fancyhdr)                \setlength{\headheight}{13.59999pt}.
(fancyhdr)                You might also make \topmargin smaller to compensate:
(fancyhdr)                \addtolength{\topmargin}{-1.59999pt}.

[272]

Package fancyhdr Warning: \headheight is too small (12.0pt): 
(fancyhdr)                Make it at least 13.59999pt, for example:
(fancyhdr)                \setlength{\headheight}{13.59999pt}.
(fancyhdr)                You might also make \topmargin smaller to compensate:
(fancyhdr)                \addtolength{\topmargin}{-1.59999pt}.

[273]

Package hyperref Warning: Token not allowed in a PDF string (Unicode):
(hyperref)                removing `math shift' on input line 458.


Package hyperref Warning: Token not allowed in a PDF string (Unicode):
(hyperref)                removing `math shift' on input line 458.


Package fancyhdr Warning: \headheight is too small (12.0pt): 
(fancyhdr)                Make it at least 13.59999pt, for example:
(fancyhdr)                \setlength{\headheight}{13.59999pt}.
(fancyhdr)                You might also make \topmargin smaller to compensate:
(fancyhdr)                \addtolength{\topmargin}{-1.59999pt}.

[274]

Package fancyhdr Warning: \headheight is too small (12.0pt): 
(fancyhdr)                Make it at least 13.59999pt, for example:
(fancyhdr)                \setlength{\headheight}{13.59999pt}.
(fancyhdr)                You might also make \topmargin smaller to compensate:
(fancyhdr)                \addtolength{\topmargin}{-1.59999pt}.

[275]

Package fancyhdr Warning: \headheight is too small (12.0pt): 
(fancyhdr)                Make it at least 13.59999pt, for example:
(fancyhdr)                \setlength{\headheight}{13.59999pt}.
(fancyhdr)                You might also make \topmargin smaller to compensate:
(fancyhdr)                \addtolength{\topmargin}{-1.59999pt}.

[276]

Package hyperref Warning: Token not allowed in a PDF string (Unicode):
(hyperref)                removing `math shift' on input line 632.


Package hyperref Warning: Token not allowed in a PDF string (Unicode):
(hyperref)                removing `math shift' on input line 632.


Package fancyhdr Warning: \headheight is too small (12.0pt): 
(fancyhdr)                Make it at least 13.59999pt, for example:
(fancyhdr)                \setlength{\headheight}{13.59999pt}.
(fancyhdr)                You might also make \topmargin smaller to compensate:
(fancyhdr)                \addtolength{\topmargin}{-1.59999pt}.

[277]

Package hyperref Warning: Token not allowed in a PDF string (Unicode):
(hyperref)                removing `math shift' on input line 683.


Package hyperref Warning: Token not allowed in a PDF string (Unicode):
(hyperref)                removing `math shift' on input line 683.


Package hyperref Warning: Token not allowed in a PDF string (Unicode):
(hyperref)                removing `math shift' on input line 712.


Package hyperref Warning: Token not allowed in a PDF string (Unicode):
(hyperref)                removing `math shift' on input line 712.


Underfull \vbox (badness 2384) has occurred while \output is active []



Package fancyhdr Warning: \headheight is too small (12.0pt): 
(fancyhdr)                Make it at least 13.59999pt, for example:
(fancyhdr)                \setlength{\headheight}{13.59999pt}.
(fancyhdr)                You might also make \topmargin smaller to compensate:
(fancyhdr)                \addtolength{\topmargin}{-1.59999pt}.

[278]

Package fancyhdr Warning: \headheight is too small (12.0pt): 
(fancyhdr)                Make it at least 13.59999pt, for example:
(fancyhdr)                \setlength{\headheight}{13.59999pt}.
(fancyhdr)                You might also make \topmargin smaller to compensate:
(fancyhdr)                \addtolength{\topmargin}{-1.59999pt}.

[279]

Package fancyhdr Warning: \headheight is too small (12.0pt): 
(fancyhdr)                Make it at least 13.59999pt, for example:
(fancyhdr)                \setlength{\headheight}{13.59999pt}.
(fancyhdr)                You might also make \topmargin smaller to compensate:
(fancyhdr)                \addtolength{\topmargin}{-1.59999pt}.

[280]

Package fancyhdr Warning: \headheight is too small (12.0pt): 
(fancyhdr)                Make it at least 13.59999pt, for example:
(fancyhdr)                \setlength{\headheight}{13.59999pt}.
(fancyhdr)                You might also make \topmargin smaller to compensate:
(fancyhdr)                \addtolength{\topmargin}{-1.59999pt}.

[281]
Overfull \hbox (34.43639pt too wide) in paragraph at lines 962--963
[]\TU/TimesNewRoman(0)/m/n/10.95 our mission is to construct a function $\OML/cmm/m/it/10.95 g\OT1/cmr/m/n/10.95 ( \OMS/cmsy/m/n/10.95 ^^A \OT1/cmr/m/n/10.95 )$ \TU/TimesNewRoman(0)/m/n/10.95 so that $[] \OT1/cmr/m/n/10.95 = \OML/cmm/m/it/10.95 g\OT1/cmr/m/n/10.95 (\U/rsfs/m/n/10.95 F[]\OT1/cmr/m/n/10.95 )$ \TU/TimesNewRoman(0)/m/n/10.95 can act as the estimator. $\U/rsfs/m/n/10.95 F[] \OT1/cmr/m/n/10.95 = \OMS/cmsy/m/n/10.95 f\OML/cmm/m/it/10.95 X[]; X[]; X[]; []\OMS/cmsy/m/n/10.95 g$
 []


Package fancyhdr Warning: \headheight is too small (12.0pt): 
(fancyhdr)                Make it at least 13.59999pt, for example:
(fancyhdr)                \setlength{\headheight}{13.59999pt}.
(fancyhdr)                You might also make \topmargin smaller to compensate:
(fancyhdr)                \addtolength{\topmargin}{-1.59999pt}.

[282]

Package hyperref Warning: Token not allowed in a PDF string (Unicode):
(hyperref)                removing `math shift' on input line 998.


Package hyperref Warning: Token not allowed in a PDF string (Unicode):
(hyperref)                removing `math shift' on input line 998.


Package hyperref Warning: Token not allowed in a PDF string (Unicode):
(hyperref)                removing `math shift' on input line 1025.


Package hyperref Warning: Token not allowed in a PDF string (Unicode):
(hyperref)                removing `math shift' on input line 1025.


Package hyperref Warning: Token not allowed in a PDF string (Unicode):
(hyperref)                removing `math shift' on input line 1048.


Package hyperref Warning: Token not allowed in a PDF string (Unicode):
(hyperref)                removing `math shift' on input line 1048.


Package fancyhdr Warning: \headheight is too small (12.0pt): 
(fancyhdr)                Make it at least 13.59999pt, for example:
(fancyhdr)                \setlength{\headheight}{13.59999pt}.
(fancyhdr)                You might also make \topmargin smaller to compensate:
(fancyhdr)                \addtolength{\topmargin}{-1.59999pt}.

[283]

Package hyperref Warning: Token not allowed in a PDF string (Unicode):
(hyperref)                removing `math shift' on input line 1057.


Package hyperref Warning: Token not allowed in a PDF string (Unicode):
(hyperref)                removing `math shift' on input line 1057.

)

Package fancyhdr Warning: \headheight is too small (12.0pt): 
(fancyhdr)                Make it at least 13.59999pt, for example:
(fancyhdr)                \setlength{\headheight}{13.59999pt}.
(fancyhdr)                You might also make \topmargin smaller to compensate:
(fancyhdr)                \addtolength{\topmargin}{-1.59999pt}.

[284]
\openout2 = `sections/因果推断导论.aux'.

 (./sections/因果推断导论.tex
Chapter 11.
[285




]

Package fancyhdr Warning: \headheight is too small (12.0pt): 
(fancyhdr)                Make it at least 13.59999pt, for example:
(fancyhdr)                \setlength{\headheight}{13.59999pt}.
(fancyhdr)                You might also make \topmargin smaller to compensate:
(fancyhdr)                \addtolength{\topmargin}{-1.59999pt}.

[286]
Overfull \hbox (33.76845pt too wide) detected at line 148
[]
 []


Package fancyhdr Warning: \headheight is too small (12.0pt): 
(fancyhdr)                Make it at least 13.59999pt, for example:
(fancyhdr)                \setlength{\headheight}{13.59999pt}.
(fancyhdr)                You might also make \topmargin smaller to compensate:
(fancyhdr)                \addtolength{\topmargin}{-1.59999pt}.

[287]

Package hyperref Warning: Token not allowed in a PDF string (Unicode):
(hyperref)                removing `math shift' on input line 274.


Package hyperref Warning: Token not allowed in a PDF string (Unicode):
(hyperref)                removing `math shift' on input line 274.


Package fancyhdr Warning: \headheight is too small (12.0pt): 
(fancyhdr)                Make it at least 13.59999pt, for example:
(fancyhdr)                \setlength{\headheight}{13.59999pt}.
(fancyhdr)                You might also make \topmargin smaller to compensate:
(fancyhdr)                \addtolength{\topmargin}{-1.59999pt}.

[288]

Package fancyhdr Warning: \headheight is too small (12.0pt): 
(fancyhdr)                Make it at least 13.59999pt, for example:
(fancyhdr)                \setlength{\headheight}{13.59999pt}.
(fancyhdr)                You might also make \topmargin smaller to compensate:
(fancyhdr)                \addtolength{\topmargin}{-1.59999pt}.

[289]

Package fancyhdr Warning: \headheight is too small (12.0pt): 
(fancyhdr)                Make it at least 13.59999pt, for example:
(fancyhdr)                \setlength{\headheight}{13.59999pt}.
(fancyhdr)                You might also make \topmargin smaller to compensate:
(fancyhdr)                \addtolength{\topmargin}{-1.59999pt}.

[290]

Package fancyhdr Warning: \headheight is too small (12.0pt): 
(fancyhdr)                Make it at least 13.59999pt, for example:
(fancyhdr)                \setlength{\headheight}{13.59999pt}.
(fancyhdr)                You might also make \topmargin smaller to compensate:
(fancyhdr)                \addtolength{\topmargin}{-1.59999pt}.

[291]
Overfull \hbox (1.69489pt too wide) in paragraph at lines 451--452
[]\TU/TimesNewRoman(0)/m/n/10.95 and specifically if $\OML/cmm/m/it/10.95 Q[]\OT1/cmr/m/n/10.95 (\OML/cmm/m/it/10.95 ^^R\OT1/cmr/m/n/10.95 ; \OMS/cmsy/m/n/10.95 D\OT1/cmr/m/n/10.95 )$ \TU/TimesNewRoman(0)/m/n/10.95 is a log-likelihood, then $\OML/cmm/m/it/10.95  \OT1/cmr/m/n/10.95 (\OML/cmm/m/it/10.95 ^^R\OT1/cmr/m/n/10.95 ; \OMS/cmsy/m/n/10.95 D\OT1/cmr/m/n/10.95 )$ \TU/TimesNewRoman(0)/m/n/10.95 here is Score function in [][]equation 2.78[][][]~[][]page 48[][][].
 []


Package fancyhdr Warning: \headheight is too small (12.0pt): 
(fancyhdr)                Make it at least 13.59999pt, for example:
(fancyhdr)                \setlength{\headheight}{13.59999pt}.
(fancyhdr)                You might also make \topmargin smaller to compensate:
(fancyhdr)                \addtolength{\topmargin}{-1.59999pt}.

[292]

Package fancyhdr Warning: \headheight is too small (12.0pt): 
(fancyhdr)                Make it at least 13.59999pt, for example:
(fancyhdr)                \setlength{\headheight}{13.59999pt}.
(fancyhdr)                You might also make \topmargin smaller to compensate:
(fancyhdr)                \addtolength{\topmargin}{-1.59999pt}.

[293]

Package fancyhdr Warning: \headheight is too small (12.0pt): 
(fancyhdr)                Make it at least 13.59999pt, for example:
(fancyhdr)                \setlength{\headheight}{13.59999pt}.
(fancyhdr)                You might also make \topmargin smaller to compensate:
(fancyhdr)                \addtolength{\topmargin}{-1.59999pt}.

[294]

Package fancyhdr Warning: \headheight is too small (12.0pt): 
(fancyhdr)                Make it at least 13.59999pt, for example:
(fancyhdr)                \setlength{\headheight}{13.59999pt}.
(fancyhdr)                You might also make \topmargin smaller to compensate:
(fancyhdr)                \addtolength{\topmargin}{-1.59999pt}.

[295]

Package fancyhdr Warning: \headheight is too small (12.0pt): 
(fancyhdr)                Make it at least 13.59999pt, for example:
(fancyhdr)                \setlength{\headheight}{13.59999pt}.
(fancyhdr)                You might also make \topmargin smaller to compensate:
(fancyhdr)                \addtolength{\topmargin}{-1.59999pt}.

[296]
Overfull \hbox (13.10565pt too wide) detected at line 688
[]
 []

File: sections/images/propensity.png Graphic file (type bmp)
<sections/images/propensity.png>

Package fancyhdr Warning: \headheight is too small (12.0pt): 
(fancyhdr)                Make it at least 13.59999pt, for example:
(fancyhdr)                \setlength{\headheight}{13.59999pt}.
(fancyhdr)                You might also make \topmargin smaller to compensate:
(fancyhdr)                \addtolength{\topmargin}{-1.59999pt}.

[297]

Package fancyhdr Warning: \headheight is too small (12.0pt): 
(fancyhdr)                Make it at least 13.59999pt, for example:
(fancyhdr)                \setlength{\headheight}{13.59999pt}.
(fancyhdr)                You might also make \topmargin smaller to compensate:
(fancyhdr)                \addtolength{\topmargin}{-1.59999pt}.

[298]

Package fancyhdr Warning: \headheight is too small (12.0pt): 
(fancyhdr)                Make it at least 13.59999pt, for example:
(fancyhdr)                \setlength{\headheight}{13.59999pt}.
(fancyhdr)                You might also make \topmargin smaller to compensate:
(fancyhdr)                \addtolength{\topmargin}{-1.59999pt}.

[299]
Overfull \hbox (33.09924pt too wide) detected at line 852
[]
 []


Package fancyhdr Warning: \headheight is too small (12.0pt): 
(fancyhdr)                Make it at least 13.59999pt, for example:
(fancyhdr)                \setlength{\headheight}{13.59999pt}.
(fancyhdr)                You might also make \topmargin smaller to compensate:
(fancyhdr)                \addtolength{\topmargin}{-1.59999pt}.

[300]

Package fancyhdr Warning: \headheight is too small (12.0pt): 
(fancyhdr)                Make it at least 13.59999pt, for example:
(fancyhdr)                \setlength{\headheight}{13.59999pt}.
(fancyhdr)                You might also make \topmargin smaller to compensate:
(fancyhdr)                \addtolength{\topmargin}{-1.59999pt}.

[301]

Package fancyhdr Warning: \headheight is too small (12.0pt): 
(fancyhdr)                Make it at least 13.59999pt, for example:
(fancyhdr)                \setlength{\headheight}{13.59999pt}.
(fancyhdr)                You might also make \topmargin smaller to compensate:
(fancyhdr)                \addtolength{\topmargin}{-1.59999pt}.

[302]
Overfull \hbox (29.24496pt too wide) in paragraph at lines 1262--1263
[]\TU/TimesNewRoman(0)/m/n/10.95 Connect $\OML/cmm/m/it/10.95 a$\TU/TimesNewRoman(0)/m/n/10.95 , $\OML/cmm/m/it/10.95 b$ \TU/TimesNewRoman(0)/m/n/10.95 iff no $\OMS/cmsy/m/n/10.95 S[]$ \TU/TimesNewRoman(0)/m/n/10.95 such that $\OML/cmm/m/it/10.95 a\OMS/cmsy/m/n/10.95 ?   ?\OML/cmm/m/it/10.95 b\OMS/cmsy/m/n/10.95 j\OML/cmm/m/it/10.95 S[]$ \TU/TimesNewRoman(0)/m/n/10.95 can be found. i.e. $\OML/cmm/m/it/10.95 a;  b$ \TU/TimesNewRoman(0)/m/n/10.95 have an edge if $\OML/cmm/m/it/10.95 a \OMS/cmsy/m/n/10.95 6   [] \OML/cmm/m/it/10.95 b\OMS/cmsy/m/n/10.95 j[]$\TU/TimesNewRoman(0)/m/n/10.95 . 
 []


Package fancyhdr Warning: \headheight is too small (12.0pt): 
(fancyhdr)                Make it at least 13.59999pt, for example:
(fancyhdr)                \setlength{\headheight}{13.59999pt}.
(fancyhdr)                You might also make \topmargin smaller to compensate:
(fancyhdr)                \addtolength{\topmargin}{-1.59999pt}.

[303]

Package fancyhdr Warning: \headheight is too small (12.0pt): 
(fancyhdr)                Make it at least 13.59999pt, for example:
(fancyhdr)                \setlength{\headheight}{13.59999pt}.
(fancyhdr)                You might also make \topmargin smaller to compensate:
(fancyhdr)                \addtolength{\topmargin}{-1.59999pt}.

[304]

Package fancyhdr Warning: \headheight is too small (12.0pt): 
(fancyhdr)                Make it at least 13.59999pt, for example:
(fancyhdr)                \setlength{\headheight}{13.59999pt}.
(fancyhdr)                You might also make \topmargin smaller to compensate:
(fancyhdr)                \addtolength{\topmargin}{-1.59999pt}.

[305]

Package fancyhdr Warning: \headheight is too small (12.0pt): 
(fancyhdr)                Make it at least 13.59999pt, for example:
(fancyhdr)                \setlength{\headheight}{13.59999pt}.
(fancyhdr)                You might also make \topmargin smaller to compensate:
(fancyhdr)                \addtolength{\topmargin}{-1.59999pt}.

[306]
Overfull \hbox (0.23834pt too wide) in paragraph at lines 1666--1667
[][] 
 []


Underfull \vbox (badness 10000) has occurred while \output is active []



Package fancyhdr Warning: \headheight is too small (12.0pt): 
(fancyhdr)                Make it at least 13.59999pt, for example:
(fancyhdr)                \setlength{\headheight}{13.59999pt}.
(fancyhdr)                You might also make \topmargin smaller to compensate:
(fancyhdr)                \addtolength{\topmargin}{-1.59999pt}.

[307])

Package fancyhdr Warning: \headheight is too small (12.0pt): 
(fancyhdr)                Make it at least 13.59999pt, for example:
(fancyhdr)                \setlength{\headheight}{13.59999pt}.
(fancyhdr)                You might also make \topmargin smaller to compensate:
(fancyhdr)                \addtolength{\topmargin}{-1.59999pt}.

[308]
\openout2 = `sections/应用随机过程.aux'.

 (./sections/应用随机过程.tex
Chapter 12.
[309




]

Package fancyhdr Warning: \headheight is too small (12.0pt): 
(fancyhdr)                Make it at least 13.59999pt, for example:
(fancyhdr)                \setlength{\headheight}{13.59999pt}.
(fancyhdr)                You might also make \topmargin smaller to compensate:
(fancyhdr)                \addtolength{\topmargin}{-1.59999pt}.

[310]

Package fancyhdr Warning: \headheight is too small (12.0pt): 
(fancyhdr)                Make it at least 13.59999pt, for example:
(fancyhdr)                \setlength{\headheight}{13.59999pt}.
(fancyhdr)                You might also make \topmargin smaller to compensate:
(fancyhdr)                \addtolength{\topmargin}{-1.59999pt}.

[311]
Missing character: There is no 5 ("35) in font nullfont!
Missing character: There is no ) ("29) in font nullfont!
Missing character: There is no 1 ("31) in font nullfont!
Missing character: There is no 1 ("31) in font nullfont!
Missing character: There is no ) ("29) in font nullfont!

Package fancyhdr Warning: \headheight is too small (12.0pt): 
(fancyhdr)                Make it at least 13.59999pt, for example:
(fancyhdr)                \setlength{\headheight}{13.59999pt}.
(fancyhdr)                You might also make \topmargin smaller to compensate:
(fancyhdr)                \addtolength{\topmargin}{-1.59999pt}.

[312]

Package fancyhdr Warning: \headheight is too small (12.0pt): 
(fancyhdr)                Make it at least 13.59999pt, for example:
(fancyhdr)                \setlength{\headheight}{13.59999pt}.
(fancyhdr)                You might also make \topmargin smaller to compensate:
(fancyhdr)                \addtolength{\topmargin}{-1.59999pt}.

[313]

Package fancyhdr Warning: \headheight is too small (12.0pt): 
(fancyhdr)                Make it at least 13.59999pt, for example:
(fancyhdr)                \setlength{\headheight}{13.59999pt}.
(fancyhdr)                You might also make \topmargin smaller to compensate:
(fancyhdr)                \addtolength{\topmargin}{-1.59999pt}.

[314]

Package fancyhdr Warning: \headheight is too small (12.0pt): 
(fancyhdr)                Make it at least 13.59999pt, for example:
(fancyhdr)                \setlength{\headheight}{13.59999pt}.
(fancyhdr)                You might also make \topmargin smaller to compensate:
(fancyhdr)                \addtolength{\topmargin}{-1.59999pt}.

[315]

Package fancyhdr Warning: \headheight is too small (12.0pt): 
(fancyhdr)                Make it at least 13.59999pt, for example:
(fancyhdr)                \setlength{\headheight}{13.59999pt}.
(fancyhdr)                You might also make \topmargin smaller to compensate:
(fancyhdr)                \addtolength{\topmargin}{-1.59999pt}.

[316]

Package fancyhdr Warning: \headheight is too small (12.0pt): 
(fancyhdr)                Make it at least 13.59999pt, for example:
(fancyhdr)                \setlength{\headheight}{13.59999pt}.
(fancyhdr)                You might also make \topmargin smaller to compensate:
(fancyhdr)                \addtolength{\topmargin}{-1.59999pt}.

[317]

Package fancyhdr Warning: \headheight is too small (12.0pt): 
(fancyhdr)                Make it at least 13.59999pt, for example:
(fancyhdr)                \setlength{\headheight}{13.59999pt}.
(fancyhdr)                You might also make \topmargin smaller to compensate:
(fancyhdr)                \addtolength{\topmargin}{-1.59999pt}.

[318]

Package fancyhdr Warning: \headheight is too small (12.0pt): 
(fancyhdr)                Make it at least 13.59999pt, for example:
(fancyhdr)                \setlength{\headheight}{13.59999pt}.
(fancyhdr)                You might also make \topmargin smaller to compensate:
(fancyhdr)                \addtolength{\topmargin}{-1.59999pt}.

[319]

Package fancyhdr Warning: \headheight is too small (12.0pt): 
(fancyhdr)                Make it at least 13.59999pt, for example:
(fancyhdr)                \setlength{\headheight}{13.59999pt}.
(fancyhdr)                You might also make \topmargin smaller to compensate:
(fancyhdr)                \addtolength{\topmargin}{-1.59999pt}.

[320]

Package fancyhdr Warning: \headheight is too small (12.0pt): 
(fancyhdr)                Make it at least 13.59999pt, for example:
(fancyhdr)                \setlength{\headheight}{13.59999pt}.
(fancyhdr)                You might also make \topmargin smaller to compensate:
(fancyhdr)                \addtolength{\topmargin}{-1.59999pt}.

[321]

Package fancyhdr Warning: \headheight is too small (12.0pt): 
(fancyhdr)                Make it at least 13.59999pt, for example:
(fancyhdr)                \setlength{\headheight}{13.59999pt}.
(fancyhdr)                You might also make \topmargin smaller to compensate:
(fancyhdr)                \addtolength{\topmargin}{-1.59999pt}.

[322]
Overfull \hbox (35.06903pt too wide) detected at line 1073
[]
 []


Package fancyhdr Warning: \headheight is too small (12.0pt): 
(fancyhdr)                Make it at least 13.59999pt, for example:
(fancyhdr)                \setlength{\headheight}{13.59999pt}.
(fancyhdr)                You might also make \topmargin smaller to compensate:
(fancyhdr)                \addtolength{\topmargin}{-1.59999pt}.

[323]

Package fancyhdr Warning: \headheight is too small (12.0pt): 
(fancyhdr)                Make it at least 13.59999pt, for example:
(fancyhdr)                \setlength{\headheight}{13.59999pt}.
(fancyhdr)                You might also make \topmargin smaller to compensate:
(fancyhdr)                \addtolength{\topmargin}{-1.59999pt}.

[324]

Package fancyhdr Warning: \headheight is too small (12.0pt): 
(fancyhdr)                Make it at least 13.59999pt, for example:
(fancyhdr)                \setlength{\headheight}{13.59999pt}.
(fancyhdr)                You might also make \topmargin smaller to compensate:
(fancyhdr)                \addtolength{\topmargin}{-1.59999pt}.

[325]

Package fancyhdr Warning: \headheight is too small (12.0pt): 
(fancyhdr)                Make it at least 13.59999pt, for example:
(fancyhdr)                \setlength{\headheight}{13.59999pt}.
(fancyhdr)                You might also make \topmargin smaller to compensate:
(fancyhdr)                \addtolength{\topmargin}{-1.59999pt}.

[326]

Package fancyhdr Warning: \headheight is too small (12.0pt): 
(fancyhdr)                Make it at least 13.59999pt, for example:
(fancyhdr)                \setlength{\headheight}{13.59999pt}.
(fancyhdr)                You might also make \topmargin smaller to compensate:
(fancyhdr)                \addtolength{\topmargin}{-1.59999pt}.

[327]

Package fancyhdr Warning: \headheight is too small (12.0pt): 
(fancyhdr)                Make it at least 13.59999pt, for example:
(fancyhdr)                \setlength{\headheight}{13.59999pt}.
(fancyhdr)                You might also make \topmargin smaller to compensate:
(fancyhdr)                \addtolength{\topmargin}{-1.59999pt}.

[328]

Package fancyhdr Warning: \headheight is too small (12.0pt): 
(fancyhdr)                Make it at least 13.59999pt, for example:
(fancyhdr)                \setlength{\headheight}{13.59999pt}.
(fancyhdr)                You might also make \topmargin smaller to compensate:
(fancyhdr)                \addtolength{\topmargin}{-1.59999pt}.

[329]

Package fancyhdr Warning: \headheight is too small (12.0pt): 
(fancyhdr)                Make it at least 13.59999pt, for example:
(fancyhdr)                \setlength{\headheight}{13.59999pt}.
(fancyhdr)                You might also make \topmargin smaller to compensate:
(fancyhdr)                \addtolength{\topmargin}{-1.59999pt}.

[330]

Package fancyhdr Warning: \headheight is too small (12.0pt): 
(fancyhdr)                Make it at least 13.59999pt, for example:
(fancyhdr)                \setlength{\headheight}{13.59999pt}.
(fancyhdr)                You might also make \topmargin smaller to compensate:
(fancyhdr)                \addtolength{\topmargin}{-1.59999pt}.

[331]

Package fancyhdr Warning: \headheight is too small (12.0pt): 
(fancyhdr)                Make it at least 13.59999pt, for example:
(fancyhdr)                \setlength{\headheight}{13.59999pt}.
(fancyhdr)                You might also make \topmargin smaller to compensate:
(fancyhdr)                \addtolength{\topmargin}{-1.59999pt}.

[332]

Package fancyhdr Warning: \headheight is too small (12.0pt): 
(fancyhdr)                Make it at least 13.59999pt, for example:
(fancyhdr)                \setlength{\headheight}{13.59999pt}.
(fancyhdr)                You might also make \topmargin smaller to compensate:
(fancyhdr)                \addtolength{\topmargin}{-1.59999pt}.

[333]

Package fancyhdr Warning: \headheight is too small (12.0pt): 
(fancyhdr)                Make it at least 13.59999pt, for example:
(fancyhdr)                \setlength{\headheight}{13.59999pt}.
(fancyhdr)                You might also make \topmargin smaller to compensate:
(fancyhdr)                \addtolength{\topmargin}{-1.59999pt}.

[334])

Package fancyhdr Warning: \headheight is too small (12.0pt): 
(fancyhdr)                Make it at least 13.59999pt, for example:
(fancyhdr)                \setlength{\headheight}{13.59999pt}.
(fancyhdr)                You might also make \topmargin smaller to compensate:
(fancyhdr)                \addtolength{\topmargin}{-1.59999pt}.

[335]
\openout2 = `sections/贝叶斯统计导论.aux'.

 (./sections/贝叶斯统计导论.tex
Chapter 13.
[336




]
Overfull \hbox (8.34097pt too wide) detected at line 129
[]
 []


Package fancyhdr Warning: \headheight is too small (12.0pt): 
(fancyhdr)                Make it at least 13.59999pt, for example:
(fancyhdr)                \setlength{\headheight}{13.59999pt}.
(fancyhdr)                You might also make \topmargin smaller to compensate:
(fancyhdr)                \addtolength{\topmargin}{-1.59999pt}.

[337]
Overfull \hbox (38.01488pt too wide) in paragraph at lines 150--151
[]\TU/TimesNewRoman(0)/m/n/10.95 Dirichlet distribution []: A multi-parameter version of Beta distribution $\OT1/cmr/m/n/10.95 (\OML/cmm/m/it/10.95 x[]; x[]; [] ; x[]\OT1/cmr/m/n/10.95 ) \OMS/cmsy/m/n/10.95 ^^X []\OT1/cmr/m/n/10.95 (\OML/cmm/m/it/10.95 ^^K[]; ^^K[]; [] ; ^^K[]\OT1/cmr/m/n/10.95 )$\TU/TimesNewRoman(0)/m/n/10.95 ,
 []


Package fancyhdr Warning: \headheight is too small (12.0pt): 
(fancyhdr)                Make it at least 13.59999pt, for example:
(fancyhdr)                \setlength{\headheight}{13.59999pt}.
(fancyhdr)                You might also make \topmargin smaller to compensate:
(fancyhdr)                \addtolength{\topmargin}{-1.59999pt}.

[338]
Underfull \vbox (badness 3668) has occurred while \output is active []



Package fancyhdr Warning: \headheight is too small (12.0pt): 
(fancyhdr)                Make it at least 13.59999pt, for example:
(fancyhdr)                \setlength{\headheight}{13.59999pt}.
(fancyhdr)                You might also make \topmargin smaller to compensate:
(fancyhdr)                \addtolength{\topmargin}{-1.59999pt}.

[339]

Package fancyhdr Warning: \headheight is too small (12.0pt): 
(fancyhdr)                Make it at least 13.59999pt, for example:
(fancyhdr)                \setlength{\headheight}{13.59999pt}.
(fancyhdr)                You might also make \topmargin smaller to compensate:
(fancyhdr)                \addtolength{\topmargin}{-1.59999pt}.

[340]

Package fancyhdr Warning: \headheight is too small (12.0pt): 
(fancyhdr)                Make it at least 13.59999pt, for example:
(fancyhdr)                \setlength{\headheight}{13.59999pt}.
(fancyhdr)                You might also make \topmargin smaller to compensate:
(fancyhdr)                \addtolength{\topmargin}{-1.59999pt}.

[341]

Package fancyhdr Warning: \headheight is too small (12.0pt): 
(fancyhdr)                Make it at least 13.59999pt, for example:
(fancyhdr)                \setlength{\headheight}{13.59999pt}.
(fancyhdr)                You might also make \topmargin smaller to compensate:
(fancyhdr)                \addtolength{\topmargin}{-1.59999pt}.

[342]

Package fancyhdr Warning: \headheight is too small (12.0pt): 
(fancyhdr)                Make it at least 13.59999pt, for example:
(fancyhdr)                \setlength{\headheight}{13.59999pt}.
(fancyhdr)                You might also make \topmargin smaller to compensate:
(fancyhdr)                \addtolength{\topmargin}{-1.59999pt}.

[343]

Package fancyhdr Warning: \headheight is too small (12.0pt): 
(fancyhdr)                Make it at least 13.59999pt, for example:
(fancyhdr)                \setlength{\headheight}{13.59999pt}.
(fancyhdr)                You might also make \topmargin smaller to compensate:
(fancyhdr)                \addtolength{\topmargin}{-1.59999pt}.

[344]

Package fancyhdr Warning: \headheight is too small (12.0pt): 
(fancyhdr)                Make it at least 13.59999pt, for example:
(fancyhdr)                \setlength{\headheight}{13.59999pt}.
(fancyhdr)                You might also make \topmargin smaller to compensate:
(fancyhdr)                \addtolength{\topmargin}{-1.59999pt}.

[345]

Package fancyhdr Warning: \headheight is too small (12.0pt): 
(fancyhdr)                Make it at least 13.59999pt, for example:
(fancyhdr)                \setlength{\headheight}{13.59999pt}.
(fancyhdr)                You might also make \topmargin smaller to compensate:
(fancyhdr)                \addtolength{\topmargin}{-1.59999pt}.

[346]

Package fancyhdr Warning: \headheight is too small (12.0pt): 
(fancyhdr)                Make it at least 13.59999pt, for example:
(fancyhdr)                \setlength{\headheight}{13.59999pt}.
(fancyhdr)                You might also make \topmargin smaller to compensate:
(fancyhdr)                \addtolength{\topmargin}{-1.59999pt}.

[347]

Package fancyhdr Warning: \headheight is too small (12.0pt): 
(fancyhdr)                Make it at least 13.59999pt, for example:
(fancyhdr)                \setlength{\headheight}{13.59999pt}.
(fancyhdr)                You might also make \topmargin smaller to compensate:
(fancyhdr)                \addtolength{\topmargin}{-1.59999pt}.

[348]

Package fancyhdr Warning: \headheight is too small (12.0pt): 
(fancyhdr)                Make it at least 13.59999pt, for example:
(fancyhdr)                \setlength{\headheight}{13.59999pt}.
(fancyhdr)                You might also make \topmargin smaller to compensate:
(fancyhdr)                \addtolength{\topmargin}{-1.59999pt}.

[349]
Underfull \vbox (badness 1168) has occurred while \output is active []



Package fancyhdr Warning: \headheight is too small (12.0pt): 
(fancyhdr)                Make it at least 13.59999pt, for example:
(fancyhdr)                \setlength{\headheight}{13.59999pt}.
(fancyhdr)                You might also make \topmargin smaller to compensate:
(fancyhdr)                \addtolength{\topmargin}{-1.59999pt}.

[350]

Package fancyhdr Warning: \headheight is too small (12.0pt): 
(fancyhdr)                Make it at least 13.59999pt, for example:
(fancyhdr)                \setlength{\headheight}{13.59999pt}.
(fancyhdr)                You might also make \topmargin smaller to compensate:
(fancyhdr)                \addtolength{\topmargin}{-1.59999pt}.

[351]

Package fancyhdr Warning: \headheight is too small (12.0pt): 
(fancyhdr)                Make it at least 13.59999pt, for example:
(fancyhdr)                \setlength{\headheight}{13.59999pt}.
(fancyhdr)                You might also make \topmargin smaller to compensate:
(fancyhdr)                \addtolength{\topmargin}{-1.59999pt}.

[352]
Underfull \vbox (badness 10000) has occurred while \output is active []



Package fancyhdr Warning: \headheight is too small (12.0pt): 
(fancyhdr)                Make it at least 13.59999pt, for example:
(fancyhdr)                \setlength{\headheight}{13.59999pt}.
(fancyhdr)                You might also make \topmargin smaller to compensate:
(fancyhdr)                \addtolength{\topmargin}{-1.59999pt}.

[353]
Underfull \vbox (badness 2689) has occurred while \output is active []



Package fancyhdr Warning: \headheight is too small (12.0pt): 
(fancyhdr)                Make it at least 13.59999pt, for example:
(fancyhdr)                \setlength{\headheight}{13.59999pt}.
(fancyhdr)                You might also make \topmargin smaller to compensate:
(fancyhdr)                \addtolength{\topmargin}{-1.59999pt}.

[354]

Package fancyhdr Warning: \headheight is too small (12.0pt): 
(fancyhdr)                Make it at least 13.59999pt, for example:
(fancyhdr)                \setlength{\headheight}{13.59999pt}.
(fancyhdr)                You might also make \topmargin smaller to compensate:
(fancyhdr)                \addtolength{\topmargin}{-1.59999pt}.

[355]

Package fancyhdr Warning: \headheight is too small (12.0pt): 
(fancyhdr)                Make it at least 13.59999pt, for example:
(fancyhdr)                \setlength{\headheight}{13.59999pt}.
(fancyhdr)                You might also make \topmargin smaller to compensate:
(fancyhdr)                \addtolength{\topmargin}{-1.59999pt}.

[356]

Package fancyhdr Warning: \headheight is too small (12.0pt): 
(fancyhdr)                Make it at least 13.59999pt, for example:
(fancyhdr)                \setlength{\headheight}{13.59999pt}.
(fancyhdr)                You might also make \topmargin smaller to compensate:
(fancyhdr)                \addtolength{\topmargin}{-1.59999pt}.

[357]

Package fancyhdr Warning: \headheight is too small (12.0pt): 
(fancyhdr)                Make it at least 13.59999pt, for example:
(fancyhdr)                \setlength{\headheight}{13.59999pt}.
(fancyhdr)                You might also make \topmargin smaller to compensate:
(fancyhdr)                \addtolength{\topmargin}{-1.59999pt}.

[358])

Package fancyhdr Warning: \headheight is too small (12.0pt): 
(fancyhdr)                Make it at least 13.59999pt, for example:
(fancyhdr)                \setlength{\headheight}{13.59999pt}.
(fancyhdr)                You might also make \topmargin smaller to compensate:
(fancyhdr)                \addtolength{\topmargin}{-1.59999pt}.

[359]
\openout2 = `sections/实验设计与分析.aux'.

 (./sections/实验设计与分析.tex
Chapter 14.

Overfull \hbox (16.47334pt too wide) in paragraph at lines 25--26
[]\TU/TimesNewRoman(0)/m/n/10.95 Basic inference methods are introduced in [][]section 2.3.3[][][]~[][]page 54[][][] (interval estimation) and [][]section 2.4.2[][][]~[][]page 60[][][]
 []

[360




]
Overfull \hbox (34.42912pt too wide) in paragraph at lines 92--93
[]\TU/TimesNewRoman(0)/m/n/10.95 Model: (Factor model with balanced design here. Cell mean model & unbalanced design see [][]section 8.1.1[][][]~[][]page 232[][][]) 
 []


Package fancyhdr Warning: \headheight is too small (12.0pt): 
(fancyhdr)                Make it at least 13.59999pt, for example:
(fancyhdr)                \setlength{\headheight}{13.59999pt}.
(fancyhdr)                You might also make \topmargin smaller to compensate:
(fancyhdr)                \addtolength{\topmargin}{-1.59999pt}.

[361]

Package fancyhdr Warning: \headheight is too small (12.0pt): 
(fancyhdr)                Make it at least 13.59999pt, for example:
(fancyhdr)                \setlength{\headheight}{13.59999pt}.
(fancyhdr)                You might also make \topmargin smaller to compensate:
(fancyhdr)                \addtolength{\topmargin}{-1.59999pt}.

[362]

Package fancyhdr Warning: \headheight is too small (12.0pt): 
(fancyhdr)                Make it at least 13.59999pt, for example:
(fancyhdr)                \setlength{\headheight}{13.59999pt}.
(fancyhdr)                You might also make \topmargin smaller to compensate:
(fancyhdr)                \addtolength{\topmargin}{-1.59999pt}.

[363]

Package fancyhdr Warning: \headheight is too small (12.0pt): 
(fancyhdr)                Make it at least 13.59999pt, for example:
(fancyhdr)                \setlength{\headheight}{13.59999pt}.
(fancyhdr)                You might also make \topmargin smaller to compensate:
(fancyhdr)                \addtolength{\topmargin}{-1.59999pt}.

[364]

Package fancyhdr Warning: \headheight is too small (12.0pt): 
(fancyhdr)                Make it at least 13.59999pt, for example:
(fancyhdr)                \setlength{\headheight}{13.59999pt}.
(fancyhdr)                You might also make \topmargin smaller to compensate:
(fancyhdr)                \addtolength{\topmargin}{-1.59999pt}.

[365]

Package fancyhdr Warning: \headheight is too small (12.0pt): 
(fancyhdr)                Make it at least 13.59999pt, for example:
(fancyhdr)                \setlength{\headheight}{13.59999pt}.
(fancyhdr)                You might also make \topmargin smaller to compensate:
(fancyhdr)                \addtolength{\topmargin}{-1.59999pt}.

[366]

Package fancyhdr Warning: \headheight is too small (12.0pt): 
(fancyhdr)                Make it at least 13.59999pt, for example:
(fancyhdr)                \setlength{\headheight}{13.59999pt}.
(fancyhdr)                You might also make \topmargin smaller to compensate:
(fancyhdr)                \addtolength{\topmargin}{-1.59999pt}.

[367]

Package fancyhdr Warning: \headheight is too small (12.0pt): 
(fancyhdr)                Make it at least 13.59999pt, for example:
(fancyhdr)                \setlength{\headheight}{13.59999pt}.
(fancyhdr)                You might also make \topmargin smaller to compensate:
(fancyhdr)                \addtolength{\topmargin}{-1.59999pt}.

[368]

LaTeX Font Warning: Command \small invalid in math mode on input line 552.


LaTeX Font Warning: Command \small invalid in math mode on input line 552.


Underfull \vbox (badness 10000) has occurred while \output is active []



Package fancyhdr Warning: \headheight is too small (12.0pt): 
(fancyhdr)                Make it at least 13.59999pt, for example:
(fancyhdr)                \setlength{\headheight}{13.59999pt}.
(fancyhdr)                You might also make \topmargin smaller to compensate:
(fancyhdr)                \addtolength{\topmargin}{-1.59999pt}.

[369]

Package fancyhdr Warning: \headheight is too small (12.0pt): 
(fancyhdr)                Make it at least 13.59999pt, for example:
(fancyhdr)                \setlength{\headheight}{13.59999pt}.
(fancyhdr)                You might also make \topmargin smaller to compensate:
(fancyhdr)                \addtolength{\topmargin}{-1.59999pt}.

[370]

LaTeX Font Warning: Command \small invalid in math mode on input line 632.


LaTeX Font Warning: Command \small invalid in math mode on input line 632.


LaTeX Font Warning: Command \small invalid in math mode on input line 688.


LaTeX Font Warning: Command \small invalid in math mode on input line 688.


Package fancyhdr Warning: \headheight is too small (12.0pt): 
(fancyhdr)                Make it at least 13.59999pt, for example:
(fancyhdr)                \setlength{\headheight}{13.59999pt}.
(fancyhdr)                You might also make \topmargin smaller to compensate:
(fancyhdr)                \addtolength{\topmargin}{-1.59999pt}.

[371]

LaTeX Font Warning: Command \small invalid in math mode on input line 743.


LaTeX Font Warning: Command \small invalid in math mode on input line 743.


LaTeX Font Warning: Command \small invalid in math mode on input line 800.


LaTeX Font Warning: Command \small invalid in math mode on input line 800.


Underfull \vbox (badness 10000) has occurred while \output is active []



Package fancyhdr Warning: \headheight is too small (12.0pt): 
(fancyhdr)                Make it at least 13.59999pt, for example:
(fancyhdr)                \setlength{\headheight}{13.59999pt}.
(fancyhdr)                You might also make \topmargin smaller to compensate:
(fancyhdr)                \addtolength{\topmargin}{-1.59999pt}.

[372]

Package amsmath Warning: Foreign command \atop;
(amsmath)                \frac or \genfrac should be used instead
(amsmath)                 on input line 816.


Package fancyhdr Warning: \headheight is too small (12.0pt): 
(fancyhdr)                Make it at least 13.59999pt, for example:
(fancyhdr)                \setlength{\headheight}{13.59999pt}.
(fancyhdr)                You might also make \topmargin smaller to compensate:
(fancyhdr)                \addtolength{\topmargin}{-1.59999pt}.

[373]

Package hyperref Warning: Token not allowed in a PDF string (Unicode):
(hyperref)                removing `math shift' on input line 891.


Package hyperref Warning: Token not allowed in a PDF string (Unicode):
(hyperref)                removing `superscript' on input line 891.


Package hyperref Warning: Token not allowed in a PDF string (Unicode):
(hyperref)                removing `math shift' on input line 891.


Package fancyhdr Warning: \headheight is too small (12.0pt): 
(fancyhdr)                Make it at least 13.59999pt, for example:
(fancyhdr)                \setlength{\headheight}{13.59999pt}.
(fancyhdr)                You might also make \topmargin smaller to compensate:
(fancyhdr)                \addtolength{\topmargin}{-1.59999pt}.

[374]
Underfull \vbox (badness 10000) has occurred while \output is active []



Package fancyhdr Warning: \headheight is too small (12.0pt): 
(fancyhdr)                Make it at least 13.59999pt, for example:
(fancyhdr)                \setlength{\headheight}{13.59999pt}.
(fancyhdr)                You might also make \topmargin smaller to compensate:
(fancyhdr)                \addtolength{\topmargin}{-1.59999pt}.

[375]

Package fancyhdr Warning: \headheight is too small (12.0pt): 
(fancyhdr)                Make it at least 13.59999pt, for example:
(fancyhdr)                \setlength{\headheight}{13.59999pt}.
(fancyhdr)                You might also make \topmargin smaller to compensate:
(fancyhdr)                \addtolength{\topmargin}{-1.59999pt}.

[376])

Package fancyhdr Warning: \headheight is too small (12.0pt): 
(fancyhdr)                Make it at least 13.59999pt, for example:
(fancyhdr)                \setlength{\headheight}{13.59999pt}.
(fancyhdr)                You might also make \topmargin smaller to compensate:
(fancyhdr)                \addtolength{\topmargin}{-1.59999pt}.

[377]
\openout2 = `sections/ReferenceBook.aux'.

 (./sections/ReferenceBook.tex [378




])

Package fancyhdr Warning: \headheight is too small (12.0pt): 
(fancyhdr)                Make it at least 13.59999pt, for example:
(fancyhdr)                \setlength{\headheight}{13.59999pt}.
(fancyhdr)                You might also make \topmargin smaller to compensate:
(fancyhdr)                \addtolength{\topmargin}{-1.59999pt}.

[379]
\openout2 = `sections/后记.aux'.

 (./sections/后记.tex) [380




] (./summary.ind [381



]

Package fancyhdr Warning: \headheight is too small (12.0pt): 
(fancyhdr)                Make it at least 13.59999pt, for example:
(fancyhdr)                \setlength{\headheight}{13.59999pt}.
(fancyhdr)                You might also make \topmargin smaller to compensate:
(fancyhdr)                \addtolength{\topmargin}{-1.59999pt}.

[382]

Package fancyhdr Warning: \headheight is too small (12.0pt): 
(fancyhdr)                Make it at least 13.59999pt, for example:
(fancyhdr)                \setlength{\headheight}{13.59999pt}.
(fancyhdr)                You might also make \topmargin smaller to compensate:
(fancyhdr)                \addtolength{\topmargin}{-1.59999pt}.

[383]
Overfull \hbox (7.31895pt too wide) in paragraph at lines 240--242
[]\TU/TimesNewRoman(0)/m/n/10.95 elpd (Expected log Prediction Distribution for New Data),
 []


Package fancyhdr Warning: \headheight is too small (12.0pt): 
(fancyhdr)                Make it at least 13.59999pt, for example:
(fancyhdr)                \setlength{\headheight}{13.59999pt}.
(fancyhdr)                You might also make \topmargin smaller to compensate:
(fancyhdr)                \addtolength{\topmargin}{-1.59999pt}.

[384]

Package fancyhdr Warning: \headheight is too small (12.0pt): 
(fancyhdr)                Make it at least 13.59999pt, for example:
(fancyhdr)                \setlength{\headheight}{13.59999pt}.
(fancyhdr)                You might also make \topmargin smaller to compensate:
(fancyhdr)                \addtolength{\topmargin}{-1.59999pt}.

[385]

Package fancyhdr Warning: \headheight is too small (12.0pt): 
(fancyhdr)                Make it at least 13.59999pt, for example:
(fancyhdr)                \setlength{\headheight}{13.59999pt}.
(fancyhdr)                You might also make \topmargin smaller to compensate:
(fancyhdr)                \addtolength{\topmargin}{-1.59999pt}.

[386]
Overfull \hbox (6.16492pt too wide) in paragraph at lines 522--524
[]\TU/TimesNewRoman(0)/m/n/10.95 MLR Condition (Monotone Likelihood Ratio Condition),
 []


Overfull \hbox (11.60957pt too wide) in paragraph at lines 524--526
[]\TU/TimesNewRoman(0)/m/n/10.95 MM Algorithm (Maximization-Maximization Algorithm),
 []


Package fancyhdr Warning: \headheight is too small (12.0pt): 
(fancyhdr)                Make it at least 13.59999pt, for example:
(fancyhdr)                \setlength{\headheight}{13.59999pt}.
(fancyhdr)                You might also make \topmargin smaller to compensate:
(fancyhdr)                \addtolength{\topmargin}{-1.59999pt}.

[387]

Package fancyhdr Warning: \headheight is too small (12.0pt): 
(fancyhdr)                Make it at least 13.59999pt, for example:
(fancyhdr)                \setlength{\headheight}{13.59999pt}.
(fancyhdr)                You might also make \topmargin smaller to compensate:
(fancyhdr)                \addtolength{\topmargin}{-1.59999pt}.

[388]
Overfull \hbox (4.87173pt too wide) in paragraph at lines 725--726
[]\TU/TimesNewRoman(0)/m/n/10.95 SOR Method (Successive Over-Relaxation Method), [][]155[][] 
 []


Package fancyhdr Warning: \headheight is too small (12.0pt): 
(fancyhdr)                Make it at least 13.59999pt, for example:
(fancyhdr)                \setlength{\headheight}{13.59999pt}.
(fancyhdr)                You might also make \topmargin smaller to compensate:
(fancyhdr)                \addtolength{\topmargin}{-1.59999pt}.

[389]
Overfull \hbox (0.8689pt too wide) in paragraph at lines 761--762
[]\TU/TimesNewRoman(0)/m/n/10.95 SUTVA (Stable Unit Treatment Value Assumption), [][]275[][] 
 []


Overfull \hbox (3.92465pt too wide) in paragraph at lines 784--786
[]\TU/TimesNewRoman(0)/m/n/10.95 Tukey’s HSD (Tukey’s Honestly Significant Difference),
 []


Package fancyhdr Warning: \headheight is too small (12.0pt): 
(fancyhdr)                Make it at least 13.59999pt, for example:
(fancyhdr)                \setlength{\headheight}{13.59999pt}.
(fancyhdr)                You might also make \topmargin smaller to compensate:
(fancyhdr)                \addtolength{\topmargin}{-1.59999pt}.

[390]) (./summary.aux (./sections/前言.aux) (./sections/记号.aux) (./sections/初等概率论.aux) (./sections/统计推断.aux) (./sections/线性回归分析.aux) (./sections/多元统计分析.aux) (./sections/统计计算与软件.aux) (./sections/数据科学导论.aux) (./sections/可靠性数据与生存分析.aux) (./sections/生物统计学概论.aux) (./sections/统计学习导论.aux) (./sections/应用时间序列分析.aux) (./sections/因果推断导论.aux) (./sections/应用随机过程.aux) (./sections/贝叶斯统计导论.aux) (./sections/实验设计与分析.aux) (./sections/ReferenceBook.aux) (./sections/后记.aux))

LaTeX Warning: There were undefined references.


LaTeX Warning: There were multiply-defined labels.

Package rerunfilecheck Info: File `summary.out' has not changed.
(rerunfilecheck)             Checksum: 68BE399DED29F264C18277C31D5D72D2;67339.
 ) 
Here is how much of TeX's memory you used:
 64302 strings out of 476683
 1403578 string characters out of 5807575
 2015012 words of memory out of 5000000
 83544 multiletter control sequences out of 15000+600000
 535960 words of font info for 198 fonts, out of 8000000 for 9000
 1348 hyphenation exceptions out of 8191
 110i,33n,106p,1096b,1929s stack positions out of 10000i,1000n,20000p,200000b,200000s

Output written on summary.pdf (392 pages).
